{
  "variable_types": [
    {"order_id": "ID"
    },
    {"user_id": "ID"
    },
    {"sale_price": "numerical"
    },
    {"status": "categorical"
    }
  ],
 "variable_categories": [
    {"order_id": "ID"
    },
    {"user_id": "ID"
    },
    {"sale_price": "numerical"
    },
    {"status": "categorical"
    }
  ],
 "variable_sensitivity": [
    {"order_id": "False"
    },
    {"user_id": "False"
    },
    {"sale_price": "False"
    },
    {"status": "True"
    }
  ]
}