order_id,user_id,sale_price,status
1,1,8,Cancelled
2,2,25,Cancelled
3,3,18,Cancelled
4,4,60,Cancelled
5,5,60,Cancelled
6,6,39.99000168,Cancelled
7,7,10,Cancelled
8,8,12.98999977,Cancelled
9,9,15,Cancelled
10,10,45.95000076,Cancelled
11,11,37.95000076,Cancelled
12,12,68,Cancelled
13,13,55,Cancelled
14,14,3.799999952,Cancelled
15,15,9.989999771,Cancelled
16,16,64,Cancelled
17,17,25.47999954,Cancelled
18,18,39.99000168,Cancelled
19,19,11.98999977,Cancelled
20,20,59.95000076,Cancelled
21,21,35.18999863,Cancelled
22,22,25,Cancelled
23,23,54,Cancelled
24,24,49.99000168,Cancelled
25,25,9.949999809,Cancelled
26,26,60,Cancelled
27,27,9.989999771,Cancelled
28,28,15.86999989,Cancelled
29,29,68,Cancelled
30,30,48,Cancelled
31,31,36.52999878,Cancelled
32,32,59.95000076,Cancelled
33,33,36.5,Cancelled
34,34,28,Cancelled
35,35,25,Cancelled
36,36,54,Cancelled
37,37,27.98999977,Cancelled
38,38,38.68000031,Cancelled
39,39,33.99000168,Cancelled
40,40,60,Cancelled
41,41,47.95000076,Cancelled
42,42,25,Cancelled
43,43,50,Cancelled
44,44,19.95000076,Cancelled
45,45,59.99000168,Cancelled
46,46,23.98999977,Processing
47,47,18,Processing
48,48,11.89999962,Processing
49,49,77,Processing
50,50,29.87999916,Processing
51,51,39.99000168,Cancelled
52,52,25,Cancelled
53,53,40,Cancelled
54,54,20.95000076,Cancelled
55,55,47.43000031,Cancelled
56,56,48.97999954,Cancelled
57,57,30.09000015,Cancelled
58,58,11.11999989,Cancelled
59,59,76.30000305,Cancelled
60,60,75,Cancelled
61,61,6.070000172,Cancelled
62,62,8.989999771,Cancelled
63,63,54.68000031,Cancelled
64,64,26,Processing
65,65,34.99000168,Cancelled
66,66,24.75,Cancelled
67,67,46.99000168,Cancelled
68,68,134.3699951,Cancelled
69,69,25,Cancelled
70,70,52,Cancelled
71,71,15.98999977,Cancelled
72,72,34.99000168,Cancelled
73,73,14.86999989,Cancelled
74,74,99.5,Cancelled
75,75,32.99000168,Cancelled
76,76,22,Cancelled
77,77,68,Processing
78,78,36,Processing
79,79,69,Processing
80,80,134.3699951,Processing
81,81,20.02000046,Cancelled
82,82,14.55000019,Cancelled
83,83,12.80000019,Cancelled
84,84,148,Cancelled
85,85,13.81000042,Cancelled
86,86,64,Cancelled
87,87,36.99000168,Cancelled
88,88,72,Cancelled
89,89,52,Cancelled
90,90,58,Cancelled
91,91,46.99000168,Cancelled
92,92,64,Cancelled
93,93,26.98999977,Processing
94,94,49.99000168,Processing
95,95,40,Cancelled
96,96,12,Cancelled
97,97,39.99000168,Cancelled
98,98,59.99000168,Cancelled
99,99,75.11000061,Cancelled
100,100,72,Cancelled
101,101,19.48999977,Cancelled
102,102,12,Cancelled
103,103,32.99000168,Cancelled
104,104,44.40000153,Cancelled
105,105,10,Cancelled
106,106,9.770000458,Cancelled
107,107,26,Cancelled
108,108,25,Processing
109,109,54,Processing
110,110,31,Cancelled
111,111,8.989999771,Cancelled
112,112,109.9899979,Cancelled
113,113,65,Cancelled
114,114,50,Cancelled
115,115,34,Cancelled
116,116,26,Cancelled
117,117,60.27000046,Cancelled
118,118,64,Cancelled
119,119,7.989999771,Cancelled
120,120,5.989999771,Cancelled
121,121,28.97999954,Cancelled
122,122,24,Cancelled
123,123,75.11000061,Cancelled
124,124,53.20000076,Cancelled
125,125,9.989999771,Processing
126,126,255,Processing
127,127,58,Cancelled
128,128,39.99000168,Cancelled
129,129,49.99000168,Cancelled
130,130,38,Cancelled
131,131,75.11000061,Cancelled
132,132,44.5,Cancelled
133,133,45,Cancelled
134,134,78,Cancelled
135,135,15.98999977,Cancelled
136,136,68,Cancelled
137,137,91.43000031,Cancelled
138,138,15,Processing
139,139,13.23999977,Processing
140,140,47,Cancelled
141,141,54,Cancelled
142,142,11.98999977,Cancelled
143,143,9.989999771,Cancelled
144,144,129,Cancelled
145,145,36.99000168,Cancelled
146,146,44.99000168,Cancelled
147,147,11.89999962,Cancelled
148,148,29.98999977,Cancelled
149,149,44.99000168,Cancelled
150,150,119.9499969,Cancelled
151,151,148,Processing
152,152,64,Cancelled
153,153,29.95000076,Cancelled
154,154,44.99000168,Cancelled
155,155,64,Cancelled
156,156,24,Cancelled
157,157,60,Cancelled
158,158,75.11000061,Cancelled
159,159,39.99000168,Cancelled
160,160,35.09000015,Cancelled
161,161,68,Cancelled
162,162,18,Processing
163,163,64,Cancelled
164,164,31,Cancelled
165,165,25,Cancelled
166,166,50,Processing
167,167,84,Cancelled
168,168,59.95000076,Cancelled
169,169,25,Cancelled
170,170,14.55000019,Cancelled
171,171,11.93999958,Cancelled
172,172,42.99000168,Cancelled
173,173,55,Cancelled
174,174,59.95000076,Cancelled
175,175,13.98999977,Cancelled
176,176,84,Processing
177,177,15.98999977,Processing
178,178,13.94999981,Cancelled
179,179,25.05999947,Cancelled
180,180,34.99000168,Cancelled
181,181,15,Cancelled
182,182,10.89000034,Cancelled
183,183,75.11000061,Cancelled
184,184,45,Cancelled
185,185,19.48999977,Processing
186,186,10.80000019,Processing
187,187,50,Cancelled
188,188,60,Cancelled
189,189,39.95000076,Processing
190,190,41.99000168,Cancelled
191,191,42.99000168,Cancelled
192,192,24.98999977,Cancelled
193,193,46,Processing
194,194,99.98999786,Cancelled
195,195,25,Cancelled
196,196,34.04000092,Cancelled
197,197,64.94999695,Cancelled
198,198,59.95999908,Cancelled
199,199,32.99000168,Processing
200,200,7.989999771,Processing
201,201,36,Cancelled
202,202,44.40000153,Cancelled
203,203,228,Cancelled
204,204,25,Cancelled
205,205,36.52999878,Cancelled
206,206,75.11000061,Cancelled
207,207,75.11000061,Cancelled
208,208,34.04000092,Cancelled
209,209,21.98999977,Cancelled
210,210,259.9899902,Cancelled
211,211,23.98999977,Processing
212,212,99.98999786,Cancelled
213,213,8.489999771,Cancelled
214,214,64,Cancelled
215,215,59.95000076,Cancelled
216,216,109.9899979,Cancelled
217,217,45,Cancelled
218,218,51.86999893,Cancelled
219,219,32,Cancelled
220,220,69.98999786,Cancelled
221,221,22,Cancelled
222,222,120,Cancelled
223,223,25,Cancelled
224,224,13.18999958,Cancelled
225,225,15.21000004,Cancelled
226,226,68,Cancelled
227,227,69.98999786,Cancelled
228,228,75.11000061,Cancelled
229,229,60,Cancelled
230,230,12.98999977,Cancelled
231,231,27.98999977,Cancelled
232,232,11.44999981,Cancelled
233,233,38.99000168,Cancelled
234,234,68,Cancelled
235,235,57.97999954,Complete
236,236,13.98999977,Complete
237,237,98,Complete
238,238,68,Complete
239,239,23.95000076,Complete
240,240,39.97999954,Complete
241,241,84.76999664,Complete
242,242,64,Complete
243,243,17.5,Complete
244,244,25.47999954,Complete
245,245,19.98999977,Complete
246,246,13.98999977,Complete
247,247,59.95000076,Complete
248,248,33.99000168,Complete
249,249,54,Complete
250,250,34.99000168,Complete
251,251,119.9899979,Complete
252,252,44.40000153,Complete
253,253,15,Complete
254,254,75.11000061,Complete
255,255,75.11000061,Complete
256,256,29.98999977,Complete
257,257,26,Complete
258,258,97.5,Complete
259,259,39.99000168,Complete
260,260,87.5,Complete
261,261,61.79000092,Complete
262,262,14.84000015,Complete
263,263,9.850000381,Complete
264,264,55,Complete
265,265,98,Complete
266,266,47.99000168,Complete
267,267,45,Complete
268,268,50.45999908,Complete
269,269,229.9900055,Complete
270,270,59,Complete
271,271,119.9499969,Complete
272,272,19.98999977,Complete
273,273,14.55000019,Complete
274,274,36.75999832,Complete
275,275,7.989999771,Complete
276,276,59.99000168,Complete
277,277,139.9900055,Complete
278,278,9.989999771,Complete
279,279,15,Complete
280,280,22,Complete
281,281,75.11000061,Complete
282,282,44.40000153,Complete
283,283,29.95000076,Complete
284,284,34.5,Complete
285,285,45,Complete
286,286,24,Complete
287,287,34.99000168,Complete
288,288,10.13000011,Complete
289,289,15.98999977,Complete
290,290,50,Complete
291,291,39.99000168,Complete
292,292,15,Complete
293,293,39.99000168,Complete
294,294,24,Complete
295,295,7.989999771,Complete
296,296,59.95000076,Complete
297,297,34.99000168,Complete
298,298,32.90000153,Complete
299,299,64,Complete
300,300,68,Returned
301,301,10,Complete
302,302,60.99000168,Complete
303,303,25,Complete
304,304,40,Complete
305,305,36.99000168,Complete
306,306,119.9499969,Complete
307,307,36,Complete
308,308,7.949999809,Complete
309,309,113.8399963,Returned
310,310,10.98999977,Complete
311,311,19.88999939,Complete
312,312,49.99000168,Complete
313,313,29.98999977,Complete
314,314,68,Complete
315,315,6.980000019,Complete
316,316,15,Complete
317,317,56.5,Complete
318,318,15.51000023,Complete
319,319,36.95000076,Complete
320,320,35,Complete
321,321,34.99000168,Complete
322,322,25,Complete
323,323,25,Complete
324,324,64,Complete
325,325,68,Complete
326,326,44.34000015,Complete
327,327,64,Complete
328,328,12.89000034,Complete
329,329,75.11000061,Complete
330,330,38.61999893,Complete
331,331,32.99000168,Complete
332,332,13.98999977,Complete
333,333,44.99000168,Complete
334,334,21.98999977,Complete
335,335,18,Complete
336,336,64,Complete
337,337,10,Complete
338,338,75.11000061,Complete
339,339,98,Complete
340,340,59.5,Complete
341,341,38,Complete
342,342,6.96999979,Complete
343,343,103.1900024,Complete
344,344,33.99000168,Complete
345,345,8.989999771,Complete
346,346,25.98999977,Complete
347,347,44.99000168,Complete
348,348,120,Complete
349,349,36.99000168,Complete
350,350,14.5,Complete
351,351,7.980000019,Complete
352,352,19.98999977,Complete
353,353,60,Complete
354,354,68,Complete
355,355,54,Complete
356,356,32,Complete
357,357,68,Complete
358,358,64,Complete
359,359,53,Complete
360,360,9.989999771,Complete
361,361,35,Complete
362,362,79,Complete
363,363,8.489999771,Complete
364,364,42.99000168,Complete
365,365,24,Complete
366,366,53,Complete
367,367,28.43000031,Complete
368,368,38.99000168,Complete
369,369,25,Complete
370,370,9.649999619,Complete
371,371,43.99000168,Complete
372,372,64,Complete
373,373,55,Complete
374,374,25,Complete
375,375,75.11000061,Complete
376,376,10,Complete
377,377,64.94999695,Complete
378,378,55,Complete
379,379,9.989999771,Complete
380,380,25,Complete
381,381,68,Complete
382,382,4.840000153,Complete
383,383,33.99000168,Complete
384,384,39.99000168,Complete
385,385,9.979999542,Complete
386,386,6.989999771,Complete
387,387,13.96000004,Complete
388,388,25,Complete
389,389,37.97999954,Complete
390,390,10,Complete
391,391,39.99000168,Complete
392,392,39.99000168,Complete
393,393,39.99000168,Complete
394,394,9.989999771,Complete
395,395,64,Complete
396,396,49.99000168,Complete
397,397,50,Complete
398,398,65,Complete
399,399,25,Complete
400,400,50.84000015,Complete
401,401,75.11000061,Complete
402,402,54.99000168,Complete
403,403,59.99000168,Complete
404,404,14.5,Complete
405,405,68,Complete
406,406,19.98999977,Complete
407,407,12.98999977,Complete
408,408,59.95000076,Complete
409,409,72,Complete
410,410,84.5,Complete
411,411,13.98999977,Complete
412,412,10,Complete
413,413,49.99000168,Complete
414,414,87.05000305,Complete
415,415,26,Complete
416,416,24,Complete
417,417,8.989999771,Complete
418,418,14.40999985,Complete
419,419,39.99000168,Complete
420,420,7.289999962,Complete
421,421,69.98999786,Complete
422,422,7.989999771,Complete
423,423,50,Complete
424,424,110,Complete
425,425,34.99000168,Complete
426,426,22,Complete
427,427,33.20999908,Complete
428,428,25,Complete
429,429,47.99000168,Complete
430,430,29.5,Complete
431,431,8.489999771,Complete
432,432,10,Complete
433,433,26.92000008,Complete
434,434,71.56999969,Complete
435,435,19.98999977,Complete
436,436,39.99000168,Complete
437,437,19.98999977,Complete
438,438,24,Complete
439,439,40,Complete
440,440,44.99000168,Complete
441,441,48.97999954,Complete
442,442,44.99000168,Complete
443,443,68,Complete
444,444,12.98999977,Complete
445,445,64,Complete
446,446,39.99000168,Complete
447,447,75.11000061,Complete
448,448,12.25,Complete
449,449,29.98999977,Complete
450,450,33.99000168,Complete
451,451,10,Complete
452,452,45.99000168,Complete
453,453,41.79999924,Complete
454,454,29.87999916,Complete
455,455,25,Complete
456,456,75.11000061,Complete
457,457,30,Complete
458,458,44.40000153,Complete
459,459,8.989999771,Complete
460,460,25,Complete
461,461,75.11000061,Complete
462,462,12.98999977,Complete
463,463,25.05999947,Complete
464,464,54,Complete
465,465,64,Returned
466,466,48,Complete
467,467,19.52000046,Returned
468,468,10.75,Complete
469,469,94,Complete
470,470,44.77999878,Complete
471,471,14.76000023,Complete
472,472,75.11000061,Complete
473,473,60,Complete
474,474,19.95000076,Complete
475,475,55,Complete
476,476,13.75,Complete
477,477,89.94999695,Complete
478,478,7.989999771,Complete
479,479,9.989999771,Complete
480,480,6.070000172,Complete
481,481,39.99000168,Complete
482,482,13.98999977,Complete
483,483,53,Complete
484,484,60,Complete
485,485,64,Complete
486,486,15.98999977,Complete
487,487,75.11000061,Complete
488,488,75.11000061,Complete
489,489,42.99000168,Complete
490,490,53.93000031,Complete
491,491,11.25,Complete
492,492,38.43000031,Complete
493,493,37.59000015,Complete
494,494,64,Complete
495,495,64,Complete
496,496,39.99000168,Complete
497,497,19.98999977,Complete
498,498,19.98999977,Complete
499,499,25,Complete
500,500,34.99000168,Complete
501,501,8,Complete
502,502,7.989999771,Complete
503,503,55,Complete
504,504,25,Complete
505,505,64,Complete
506,506,68,Complete
507,507,25.05999947,Complete
508,508,9.949999809,Complete
509,509,3.460000038,Complete
510,510,53.75,Complete
511,511,12.94999981,Complete
512,512,6.070000172,Complete
513,513,56,Complete
514,514,21.98999977,Complete
515,515,75.11000061,Returned
516,516,8.819999695,Complete
517,517,188,Complete
518,518,6.070000172,Complete
519,519,56.5,Complete
520,520,16.98999977,Complete
521,521,108.75,Complete
522,522,39.99000168,Complete
523,523,53.95000076,Complete
524,524,11.85999966,Complete
525,525,48,Complete
526,526,23,Complete
527,527,32,Complete
528,528,64,Complete
529,529,12.98999977,Complete
530,530,13.98999977,Complete
531,531,8.789999962,Complete
532,532,60.99000168,Complete
533,533,44.40000153,Complete
534,534,39.99000168,Complete
535,535,11.98999977,Complete
536,536,24,Complete
537,537,75.11000061,Complete
538,538,109.9899979,Complete
539,539,41.95000076,Complete
540,540,69,Complete
541,541,44.99000168,Complete
542,542,12.39999962,Complete
543,543,59.25,Complete
544,544,181.4600067,Complete
545,545,39.45000076,Complete
546,546,75,Complete
547,547,8.989999771,Complete
548,548,35,Complete
549,549,7.5,Complete
550,550,99.98999786,Complete
551,551,12,Complete
552,552,6,Complete
553,553,25,Complete
554,554,68,Complete
555,555,64,Complete
556,556,50,Complete
557,557,49.99000168,Complete
558,558,18,Complete
559,559,17.32999992,Complete
560,560,39.99000168,Complete
561,561,6,Complete
562,562,40,Complete
563,563,48.52999878,Complete
564,564,39.99000168,Complete
565,565,15.98999977,Complete
566,566,119.9499969,Complete
567,567,119.9499969,Complete
568,568,59.95000076,Complete
569,569,6.070000172,Complete
570,570,10.89000034,Complete
571,571,9.159999847,Complete
572,572,13.31000042,Complete
573,573,24.98999977,Complete
574,574,32.90000153,Complete
575,575,39.99000168,Complete
576,576,114,Complete
577,577,39.99000168,Complete
578,578,54,Complete
579,579,10.98999977,Complete
580,580,59.95999908,Complete
581,581,6,Complete
582,582,64,Complete
583,583,68,Complete
584,584,36.27999878,Complete
585,585,64,Complete
586,586,59.45000076,Complete
587,587,44.77999878,Complete
588,588,32.5,Complete
589,589,9.979999542,Complete
590,590,6.070000172,Complete
591,591,9.859999657,Complete
592,592,79,Complete
593,593,45,Complete
594,594,8.979999542,Complete
595,595,3.99000001,Complete
596,596,17.32999992,Complete
597,597,25,Complete
598,598,39.99000168,Complete
599,599,32,Complete
600,600,120,Complete
601,601,65,Complete
602,602,60,Complete
603,603,60,Complete
604,604,69.98999786,Complete
605,605,39.99000168,Complete
606,606,18.09000015,Complete
607,607,14.55000019,Complete
608,608,75.11000061,Complete
609,609,30.18000031,Complete
610,610,39.99000168,Complete
611,611,55.5,Complete
612,612,325,Complete
613,613,78,Complete
614,614,11.61999989,Complete
615,615,25,Complete
616,616,39.99000168,Complete
617,617,16.98999977,Complete
618,618,75.11000061,Complete
619,619,25,Complete
620,620,200,Complete
621,621,39.99000168,Complete
622,622,43.99000168,Complete
623,623,12.39999962,Complete
624,624,46,Complete
625,625,59.5,Complete
626,626,33.97999954,Complete
627,627,6.070000172,Complete
628,628,25,Complete
629,629,6.070000172,Complete
630,630,23.98999977,Complete
631,631,27.98999977,Complete
632,632,39.99000168,Complete
633,633,54,Complete
634,634,21.98999977,Complete
635,635,61.18000031,Complete
636,636,11.98999977,Complete
637,637,75.11000061,Complete
638,638,26.98999977,Complete
639,639,39.95000076,Complete
640,640,43.20000076,Complete
641,641,44.40000153,Complete
642,642,34.99000168,Complete
643,643,49.99000168,Complete
644,644,25,Complete
645,645,44.99000168,Complete
646,646,23.98999977,Complete
647,647,16.98999977,Complete
648,648,30.09000015,Complete
649,649,49.99000168,Complete
650,650,59.95000076,Complete
651,651,68,Complete
652,652,25,Complete
653,653,10.93999958,Complete
654,654,815,Complete
655,655,25,Complete
656,656,23,Complete
657,657,15.98999977,Complete
658,658,68,Complete
659,659,37.5,Complete
660,660,5.989999771,Complete
661,661,41.41999817,Complete
662,662,6.070000172,Complete
663,663,19.48999977,Complete
664,664,109.9899979,Complete
665,665,16.5,Complete
666,666,39.99000168,Returned
667,667,96,Complete
668,668,54,Complete
669,669,68,Complete
670,670,68,Complete
671,671,49.99000168,Complete
672,672,13.98999977,Complete
673,673,39.99000168,Complete
674,674,39.99000168,Complete
675,675,25,Complete
676,676,40,Complete
677,677,15,Complete
678,678,2.5,Complete
679,679,58,Complete
680,680,4.840000153,Complete
681,681,39.5,Complete
682,682,23,Complete
683,683,48,Complete
684,684,25,Complete
685,685,60,Complete
686,686,27.95000076,Complete
687,687,44.20999908,Complete
688,688,75.11000061,Complete
689,689,59.5,Complete
690,690,68,Complete
691,691,54.68000031,Complete
692,692,39.95000076,Complete
693,693,32.99000168,Complete
694,694,11.98999977,Complete
695,695,78.98999786,Complete
696,696,44.40000153,Complete
697,697,32.99000168,Complete
698,698,75.11000061,Shipped
699,699,64,Complete
700,700,54.99000168,Complete
701,701,17,Complete
702,702,149,Complete
703,703,32.99000168,Complete
704,704,42.09999847,Complete
705,705,11.25,Complete
706,706,59.95000076,Complete
707,707,11.98999977,Complete
708,708,14.55000019,Complete
709,709,59.95999908,Complete
710,710,39.99000168,Complete
711,711,68,Complete
712,712,9.449999809,Complete
713,713,36.52999878,Complete
714,714,25,Complete
715,715,25.60000038,Complete
716,716,64,Complete
717,717,48.97999954,Complete
718,718,44.99000168,Complete
719,719,39.99000168,Complete
720,720,13.98999977,Complete
721,721,19.98999977,Complete
722,722,84.98999786,Complete
723,723,69.94999695,Complete
724,724,44.40000153,Complete
725,725,75.11000061,Complete
726,726,59.95000076,Complete
727,727,15,Complete
728,728,64,Complete
729,729,25,Complete
730,730,164,Complete
731,731,71,Complete
732,732,68,Complete
733,733,68,Complete
734,734,26,Complete
735,735,25,Complete
736,736,24,Complete
737,737,39.97999954,Complete
738,738,6,Complete
739,739,49.99000168,Complete
740,740,54,Complete
741,741,29.98999977,Complete
742,742,29.40999985,Complete
743,743,44.99000168,Complete
744,744,8.489999771,Complete
745,745,26.98999977,Complete
746,746,64.94999695,Complete
747,747,6.489999771,Complete
748,748,18.62000084,Complete
749,749,68,Complete
750,750,33.99000168,Complete
751,751,26,Complete
752,752,64,Complete
753,753,25,Complete
754,754,68,Complete
755,755,25,Complete
756,756,68,Complete
757,757,75.11000061,Complete
758,758,6.070000172,Complete
759,759,44.40000153,Complete
760,760,23.98999977,Complete
761,761,89.98999786,Complete
762,762,25,Complete
763,763,60,Complete
764,764,54.99000168,Complete
765,765,44.95000076,Complete
766,766,32,Complete
767,767,67.91999817,Complete
768,768,54.99000168,Complete
769,769,64,Complete
770,770,52.95000076,Complete
771,771,8,Complete
772,772,59.99000168,Returned
773,773,24.44000053,Complete
774,774,13.88000011,Complete
775,775,25.05999947,Complete
776,776,14.5,Complete
777,777,40,Complete
778,778,11.98999977,Complete
779,779,22,Complete
780,780,59.99000168,Complete
781,781,35,Complete
782,782,6.070000172,Complete
783,783,19.98999977,Complete
784,784,149.5,Complete
785,785,39.99000168,Complete
786,786,64,Complete
787,787,23.98999977,Shipped
788,788,14.5,Shipped
789,789,49.99000168,Shipped
790,790,41.88000107,Shipped
791,791,68,Complete
792,792,17,Complete
793,793,15,Complete
794,794,12.98999977,Complete
795,795,44.40000153,Complete
796,796,8.989999771,Complete
797,797,23.17000008,Complete
798,798,75.11000061,Complete
799,799,8.989999771,Complete
800,800,31.75,Complete
801,801,64,Complete
802,802,11.98999977,Complete
803,803,39.99000168,Complete
804,804,6.96999979,Complete
805,805,18,Complete
806,806,34.97000122,Complete
807,807,13.98999977,Complete
808,808,48.97999954,Complete
809,809,11.52999973,Complete
810,810,23,Complete
811,811,68,Complete
812,812,52.40000153,Complete
813,813,33.99000168,Complete
814,814,39.99000168,Complete
815,815,64,Complete
816,816,54,Complete
817,817,44.40000153,Complete
818,818,34.54999924,Complete
819,819,44.20999908,Complete
820,820,75.11000061,Complete
821,821,6.949999809,Complete
822,822,68,Returned
823,823,29.95000076,Complete
824,824,22.95000076,Complete
825,825,189,Complete
826,826,6.070000172,Complete
827,827,59.95000076,Complete
828,828,32.99000168,Complete
829,829,39.99000168,Shipped
830,830,75.11000061,Shipped
831,831,49.99000168,Shipped
832,832,59.95000076,Shipped
833,833,68,Shipped
834,834,15.30000019,Shipped
835,835,45,Shipped
836,836,30,Shipped
837,837,24.35000038,Shipped
838,838,122.5999985,Shipped
839,839,60,Shipped
840,840,25,Shipped
841,841,75.11000061,Shipped
842,842,41.99000168,Shipped
843,843,15.98999977,Shipped
844,844,29,Shipped
845,845,20,Complete
846,846,65.94999695,Complete
847,847,58,Complete
848,848,54.99000168,Complete
849,849,64,Complete
850,850,26.21999931,Complete
851,851,26,Complete
852,852,94.98999786,Complete
853,853,60,Complete
854,854,60,Complete
855,855,64,Complete
856,856,64,Complete
857,857,22.17000008,Complete
858,858,9.949999809,Complete
859,859,9.989999771,Complete
860,860,44.99000168,Complete
861,861,28.15999985,Complete
862,862,54,Complete
863,863,110,Complete
864,864,34.99000168,Complete
865,865,903,Complete
866,866,69,Complete
867,867,25.35000038,Complete
868,868,14.98999977,Complete
869,869,14.98999977,Complete
870,870,43,Complete
871,871,39.99000168,Complete
872,872,84.98999786,Complete
873,873,23.98999977,Complete
874,874,68,Complete
875,875,119.9499969,Shipped
876,876,18.89999962,Shipped
877,877,46,Shipped
878,878,18,Shipped
879,879,25,Shipped
880,880,13.60000038,Shipped
881,881,8.989999771,Shipped
882,882,19.95000076,Shipped
883,883,54,Shipped
884,884,120,Shipped
885,885,11.48999977,Shipped
886,886,41.99000168,Shipped
887,887,68,Returned
888,888,54,Complete
889,889,79,Complete
890,890,59.95000076,Complete
891,891,34.99000168,Complete
892,892,58,Complete
893,893,64,Complete
894,894,12.60999966,Complete
895,895,53.5,Complete
896,896,26.98999977,Complete
897,897,108,Complete
898,898,64.94999695,Complete
899,899,15.75,Returned
900,900,19.98999977,Complete
901,901,13.94999981,Complete
902,902,54,Complete
903,903,69.98000336,Complete
904,904,8.789999962,Complete
905,905,26,Complete
906,906,34.15999985,Complete
907,907,25,Complete
908,908,69.5,Complete
909,909,258.9899902,Complete
910,910,15,Complete
911,911,229.9900055,Complete
912,912,29.98999977,Shipped
913,913,25,Shipped
914,914,98,Shipped
915,915,68,Shipped
916,916,49.66999817,Shipped
917,917,9.949999809,Shipped
918,918,24.98999977,Shipped
919,919,44,Shipped
920,920,56.5,Shipped
921,921,39.99000168,Shipped
922,922,60,Shipped
923,923,68,Shipped
924,924,100,Shipped
925,925,25,Shipped
926,926,19.98999977,Complete
927,927,25,Complete
928,928,44.40000153,Complete
929,929,39.99000168,Complete
930,930,64,Complete
931,931,33.99000168,Complete
932,932,129.9900055,Complete
933,933,11.48999977,Complete
934,934,20.18000031,Complete
935,935,130,Complete
936,936,11.85999966,Complete
937,937,25,Complete
938,938,37.49000168,Complete
939,939,34.65000153,Complete
940,940,68.12999725,Complete
941,941,11.98999977,Complete
942,942,72,Complete
943,943,49.99000168,Complete
944,944,68,Complete
945,945,68,Complete
946,946,44.40000153,Complete
947,947,89.98999786,Complete
948,948,25.35000038,Complete
949,949,70,Shipped
950,950,6.070000172,Shipped
951,951,13.60999966,Shipped
952,952,29.98999977,Shipped
953,953,34.99000168,Shipped
954,954,14.98999977,Shipped
955,955,25,Shipped
956,956,21.98999977,Shipped
957,957,7.980000019,Shipped
958,958,59.95000076,Shipped
959,959,44.77999878,Shipped
960,960,44,Shipped
961,961,50,Returned
962,962,59.95000076,Complete
963,963,25.60000038,Complete
964,964,24.98999977,Complete
965,965,119.9499969,Complete
966,966,22.87999916,Complete
967,967,50.84000015,Complete
968,968,54.99000168,Complete
969,969,32.99000168,Complete
970,970,24,Complete
971,971,15,Complete
972,972,25,Complete
973,973,350,Complete
974,974,64,Complete
975,975,19.98999977,Complete
976,976,52,Complete
977,977,79.93000031,Complete
978,978,7.989999771,Complete
979,979,75.11000061,Complete
980,980,49.5,Complete
981,981,26,Returned
982,982,49.99000168,Complete
983,983,44.20999908,Complete
984,984,41.95000076,Complete
985,985,29.5,Complete
986,986,40,Complete
987,987,18,Complete
988,988,15,Complete
989,989,16.98999977,Complete
990,990,40,Complete
991,991,13.34000015,Complete
992,992,25.95000076,Complete
993,993,17,Complete
994,994,39.99000168,Complete
995,995,50,Complete
996,996,15.98999977,Complete
997,997,49.99000168,Complete
998,998,9.989999771,Complete
999,999,9.720000267,Complete
1000,1000,13.25,Complete
