{"variable_types": [
    {"id": "ID"
    },
    {"name": "name"
    },
    {"age": "categorical"
    },
    {"city": "categorical"
    },
    {"state": "categorical"
    },
    {"country": "categorical"
    },
    {"zip": "categorical"
    },
    {"latitude": "numerical"
    },
    {"longitude": "numerical"
    },
    {"gender": "categorical"
    },
    {"traffic_source": "categorical"
    }
  ],
 "variable_categories": [
    {"id": "ID"
    },
    {"name": "name"
    },
    {"age": "categorical"
    },
    {"city": "categorical"
    },
    {"state": "categorical"
    },
    {"country": "categorical"
    },
    {"zip": "categorical"
    },
    {"latitude": "numerical"
    },
    {"longitude": "numerical"
    },
    {"gender": "categorical"
    },
    {"traffic_source": "categorical"
    }
  ],
 "variable_sensitivity": [
    {"id": "False"
    },
    {"name": "True"
    },
    {"age": "True"
    },
    {"city": "False"
    },
    {"state": "False"
    },
    {"country": "False"
    },
    {"zip": "False"
    },
    {"latitude": "True"
    },
    {"longitude": "True"
    },
    {"gender": "False"
    },
    {"traffic_source": "False"
    }
  ]
}