user_id,name,age,city,state,country,zip,latitude,longitude,gender,traffic_source
1,HECTOR THOMSEN,12,Phoenix,Arizona,USA,85001,33.71630866,-112.3780419,Male,Search
2,RONNIE COOK,64,Phoenix,Arizona,USA,85001,33.66954916,-112.3878001,Male,Search
3,MARIO CHAMBERS,68,Phoenix,Arizona,USA,85001,33.71047071,-112.3701634,Male,Search
4,JAMES ANDERSON,27,Phoenix,Arizona,USA,85001,33.72254377,-112.3704228,Male,Search
5,GREGORY LAWRENCE,51,Phoenix,Arizona,USA,85001,33.69860783,-112.3615202,Male,Organic
6,RICHARD LINDSEY,16,Phoenix,Arizona,USA,85001,33.71680456,-112.3511488,Male,Organic
7,GRANT MCCROY,19,Phoenix,Arizona,USA,85002,33.2559379,-112.1655231,Male,Search
8,DAVID BISHOP,18,Phoenix,Arizona,USA,85002,33.25182302,-112.2220645,Male,Facebook
9,FRANK MORSE,37,Phoenix,Arizona,USA,85003,33.2913513,-112.1542984,Male,Email
10,MIKE FLOREZ,86,Phoenix,Arizona,USA,85003,33.25155151,-112.1755311,Male,Organic
11,JAMES GUSTAFSON,47,Phoenix,Arizona,USA,85003,33.25098934,-112.1564547,Male,Organic
12,ANTHONY ANDERSON,19,Phoenix,Arizona,USA,85003,33.24722474,-112.151415,Male,Search
13,DON HARRY,39,Phoenix,Arizona,USA,85003,33.28881894,-112.2164135,Male,Email
14,EDWARD SURRATT,38,Phoenix,Arizona,USA,85004,33.24198325,-112.1670728,Male,Facebook
15,JAMES MARTIN,14,Phoenix,Arizona,USA,85004,33.25527983,-112.2136611,Male,Search
16,GARTH PARKS,77,Phoenix,Arizona,USA,85004,33.25861751,-112.2091872,Male,Search
17,FRANK LOMBARDO,16,Phoenix,Arizona,USA,85004,33.28490218,-112.1516721,Male,Organic
18,RAYMOND DAHL,41,Phoenix,Arizona,USA,85004,33.30112335,-112.1805533,Male,Search
19,GEORGE FOX,42,Phoenix,Arizona,USA,85004,33.26270463,-112.179874,Male,Organic
20,CORY HARRIS,18,Phoenix,Arizona,USA,85005,33.24964557,-112.1917122,Male,Organic
21,BRETT SMITH,56,Phoenix,Arizona,USA,85005,33.28543157,-112.2017683,Male,Email
22,JAMES GAGE,16,Phoenix,Arizona,USA,85005,33.26828666,-112.1995191,Male,Email
23,LAWRENCE SPANGLER,43,Phoenix,Arizona,USA,85005,33.30382295,-112.1549444,Male,Email
24,ALBERT WOOD,23,Phoenix,Arizona,USA,85005,33.29115902,-112.1969289,Male,Organic
25,DWIGHT WELDON,26,Phoenix,Arizona,USA,85006,33.27202627,-112.1526067,Male,Search
26,DAVID PALMER,12,Phoenix,Arizona,USA,85006,33.28758806,-112.1974043,Male,Organic
27,RICHARD WUNDER,54,Phoenix,Arizona,USA,85006,33.30764548,-112.1606231,Male,Organic
28,MOHAMMAD SHANNON,24,Phoenix,Arizona,USA,85006,33.2407936,-112.1783967,Male,Email
29,ERNEST BLACK,51,Phoenix,Arizona,USA,85006,33.28729516,-112.22037,Male,Organic
30,FRANK MONTOYA,23,Phoenix,Arizona,USA,85007,33.28633079,-112.2202777,Male,Search
31,WADE CARR,36,Phoenix,Arizona,USA,85007,33.27664608,-112.2185483,Male,Display
32,RAYMOND GRACE,41,Phoenix,Arizona,USA,85007,33.26716801,-112.1553024,Male,Email
33,JAMES BURNS,64,Phoenix,Arizona,USA,85007,33.27598877,-112.2217733,Male,Facebook
34,STEVEN BLAND,22,Phoenix,Arizona,USA,85007,33.27145194,-112.1932657,Male,Organic
35,VIRGIL HOOPER,42,Phoenix,Arizona,USA,85007,33.30013961,-112.2106189,Male,Facebook
36,ERIC RUSSO,38,Phoenix,Arizona,USA,85008,33.41788236,-111.9701635,Male,Organic
37,RAYMOND HOWELL,16,Phoenix,Arizona,USA,85008,33.44466716,-111.9309435,Male,Search
38,WALTER BOWNE,14,Phoenix,Arizona,USA,85009,33.43215695,-111.970831,Male,Organic
39,MARIO SMITH,44,Phoenix,Arizona,USA,85009,33.47811866,-111.949588,Male,Organic
40,DAVID ROLLER,12,Phoenix,Arizona,USA,85009,33.42907729,-111.9572878,Male,Organic
41,EDWIN PEREZ,61,Phoenix,Arizona,USA,85009,33.43245771,-111.9603366,Male,Organic
42,JEFFERY GUERRERO,12,Phoenix,Arizona,USA,85009,33.46704221,-111.9846727,Male,Organic
43,JESSE FERNANDEZ,39,Phoenix,Arizona,USA,85009,33.4309741,-111.9401421,Male,Search
44,RICHARD WALKER,33,Phoenix,Arizona,USA,85010,33.29273641,-112.2139296,Male,Organic
45,CHRISTOPHER CAPLE,23,Phoenix,Arizona,USA,85011,33.27820686,-112.1835663,Male,Organic
46,WAYNE CHAPPELL,62,Phoenix,Arizona,USA,85011,33.28078703,-112.1519095,Male,Display
47,VICTOR FITZGERALD,32,Phoenix,Arizona,USA,85011,33.3010554,-112.205647,Male,Search
48,ALBERT GAITAN,14,Phoenix,Arizona,USA,85012,33.2718159,-112.2184785,Male,Organic
49,ROBERT LISLE,14,Phoenix,Arizona,USA,85012,33.24057836,-112.1619044,Male,Organic
50,JOHN DOCKERY,68,Phoenix,Arizona,USA,85012,33.25567437,-112.1834297,Male,Organic
51,JOSEPH MILLS,38,Phoenix,Arizona,USA,85013,33.24729867,-112.1871482,Male,Search
52,DUSTIN LONG,42,Phoenix,Arizona,USA,85013,33.25630417,-112.1967716,Male,Organic
53,CARL JEAN,12,Phoenix,Arizona,USA,85013,33.27219389,-112.19965,Male,Organic
54,TODD CHITWOOD,57,Phoenix,Arizona,USA,85013,33.30861506,-112.2149711,Male,Organic
55,AARON HERRMANN,61,Phoenix,Arizona,USA,85013,33.28556937,-112.1630399,Male,Facebook
56,JASON COLLIER,12,Phoenix,Arizona,USA,85013,33.26868536,-112.155928,Male,Display
57,TIM MOREY,16,Phoenix,Arizona,USA,85013,33.30886258,-112.1841912,Male,Search
58,MARK BAYER,29,Phoenix,Arizona,USA,85014,33.24320906,-112.1726175,Male,Facebook
59,MATTHEW ELLIS,14,Phoenix,Arizona,USA,85014,33.31210467,-112.1658217,Male,Organic
60,PHILIP ECKERT,95,Phoenix,Arizona,USA,85014,33.2945839,-112.157745,Male,Organic
61,GEORGE ALDERSON,43,Phoenix,Arizona,USA,85015,33.49423586,-112.0948902,Male,Search
62,RICHARD DARBY,29,Phoenix,Arizona,USA,85015,33.51109181,-112.130535,Male,Email
63,KENNETH GREEN,44,Phoenix,Arizona,USA,85015,33.49736028,-112.112068,Male,Search
64,ALFONSO ANDERSON,25,Phoenix,Arizona,USA,85015,33.44275793,-112.0923677,Male,Email
65,RALPH ANTHONY,46,Phoenix,Arizona,USA,85016,33.27368359,-112.1717528,Male,Organic
66,JACK HOLT,12,Phoenix,Arizona,USA,85016,33.30334509,-112.1836888,Male,Organic
67,HENRY COLE,37,Phoenix,Arizona,USA,85016,33.28100638,-112.1729196,Male,Organic
68,JAMES EVANS,91,Phoenix,Arizona,USA,85016,33.27808345,-112.2226345,Male,Display
69,CRAIG TYLER,72,Phoenix,Arizona,USA,85016,33.2832345,-112.1892741,Male,Search
70,COREY HATCH,39,Phoenix,Arizona,USA,85016,33.24875839,-112.1618712,Male,Search
71,KENNETH CRIPE,69,Phoenix,Arizona,USA,85017,33.2467705,-112.2118464,Male,Facebook
72,JOHN SCHULTZ,19,Phoenix,Arizona,USA,85017,33.30055945,-112.2187262,Male,Display
73,MICHAEL SLIFER,38,Phoenix,Arizona,USA,85017,33.27577939,-112.2190106,Male,Search
74,THOMAS UMBERGER,74,Phoenix,Arizona,USA,85017,33.29814756,-112.1779719,Male,Facebook
75,JOSEPH CURRY,61,Phoenix,Arizona,USA,85017,33.29583936,-112.1662584,Male,Organic
76,HOWARD COPPAGE,54,Phoenix,Arizona,USA,85017,33.26334696,-112.2008141,Male,Search
77,WILBUR IRIZARRY,48,Phoenix,Arizona,USA,85017,33.2579916,-112.2050835,Male,Search
78,GUILLERMO MARX,26,Phoenix,Arizona,USA,85018,33.51717465,-111.7310267,Male,Search
79,JAMES BAKER,44,Phoenix,Arizona,USA,85018,33.50397548,-111.7120224,Male,Search
80,ERIC BARNETT,14,Phoenix,Arizona,USA,85018,33.46554905,-111.7145683,Male,Search
81,DAVID HUFF,21,Phoenix,Arizona,USA,85018,33.48911665,-111.7505297,Male,Display
82,DAVIS BOWMAN,16,Phoenix,Arizona,USA,85018,33.50010499,-111.7050235,Male,Email
83,BRIAN SEITZ,12,Phoenix,Arizona,USA,85020,33.24263477,-112.1953819,Male,Organic
84,JOSEPH HUGHES,12,Phoenix,Arizona,USA,85020,33.31220368,-112.1786518,Male,Facebook
85,ADRIAN DONNELL,37,Phoenix,Arizona,USA,85020,33.27261945,-112.2111638,Male,Organic
86,RON WHITFIELD,42,Phoenix,Arizona,USA,85021,33.29846501,-112.1935052,Male,Organic
87,JOHN WHITE,47,Phoenix,Arizona,USA,85021,33.25520746,-112.1518739,Male,Organic
88,JOHN CONDER,14,Phoenix,Arizona,USA,85021,33.24827241,-112.2078743,Male,Email
89,WILLIAM VALENZUELA,20,Phoenix,Arizona,USA,85022,33.25620617,-112.1577412,Male,Organic
90,ROBERT VANCAMP,29,Phoenix,Arizona,USA,85023,33.30066796,-112.1625918,Male,Search
91,DARREN POOLE,12,Phoenix,Arizona,USA,85023,33.24634235,-112.2131476,Male,Organic
92,JEFF ELSER,16,Phoenix,Arizona,USA,85023,33.29684966,-112.1775982,Male,Organic
93,ROBERT SKINNER,83,Phoenix,Arizona,USA,85023,33.25703,-112.2032853,Male,Email
94,DANIEL ALICEA,43,Phoenix,Arizona,USA,85023,33.3103556,-112.165862,Male,Organic
95,CHARLES DUBE,46,Phoenix,Arizona,USA,85024,33.26165856,-112.2185306,Male,Search
96,GLEN LAROCK,62,Phoenix,Arizona,USA,85024,33.2685011,-112.1717214,Male,Search
97,ROGER HOLDER,44,Phoenix,Arizona,USA,85024,33.2721505,-112.1878675,Male,Facebook
98,FERNANDO GEE,16,Phoenix,Arizona,USA,85024,33.30697307,-112.1763833,Male,Organic
99,DEVON STANBACK,41,Phoenix,Arizona,USA,85024,33.26272248,-112.1839362,Male,Facebook
100,FRED ALLEN,18,Phoenix,Arizona,USA,85024,33.26871744,-112.1764772,Male,Organic
101,ROBERT LAY,16,Phoenix,Arizona,USA,85025,33.44782058,-111.7088396,Male,Organic
102,GERALD HARTWELL,39,Phoenix,Arizona,USA,85025,33.44183627,-111.7130543,Male,Display
103,MICHAEL NORRIS,59,Phoenix,Arizona,USA,85025,33.43534541,-111.7340891,Male,Email
104,CHRIS MARTIN,47,Phoenix,Arizona,USA,85025,33.40503522,-111.7384082,Male,Organic
105,CHARLES MALLETT,12,Phoenix,Arizona,USA,85025,33.39535117,-111.717068,Male,Organic
106,SHAUN RICHMOND,12,Phoenix,Arizona,USA,85025,33.40359484,-111.7318673,Male,Organic
107,DAVID WATT,19,Phoenix,Arizona,USA,85025,33.42812763,-111.7276853,Male,Search
108,RONNIE SANTANA,42,Phoenix,Arizona,USA,85027,33.29483684,-112.1944267,Male,Search
109,RAYMOND GRANGER,58,Phoenix,Arizona,USA,85027,33.2514946,-112.2027766,Male,Organic
110,DALE WOODARD,46,Phoenix,Arizona,USA,85028,33.39018968,-111.6349325,Male,Search
111,ANDREW CRAWLEY,36,Phoenix,Arizona,USA,85028,33.36983728,-111.6506266,Male,Organic
112,CARL STILLMAN,14,Phoenix,Arizona,USA,85028,33.38989697,-111.6625314,Male,Display
113,JEFFREY FRASIER,36,Phoenix,Arizona,USA,85028,33.39664752,-111.6781727,Male,Organic
114,CHRISTOPHER WOODS,16,Phoenix,Arizona,USA,85029,33.30618768,-112.2000652,Male,Search
115,EDWARD GARLAND,62,Phoenix,Arizona,USA,85029,33.31028784,-112.1769607,Male,Display
116,JEREMY MORGAN,79,Phoenix,Arizona,USA,85029,33.29322732,-112.1791167,Male,Organic
117,RONALD GORDAN,16,Phoenix,Arizona,USA,85029,33.27483753,-112.2120845,Male,Search
118,BENJAMIN TAYLOR,36,Phoenix,Arizona,USA,85030,33.27289917,-112.1767593,Male,Organic
119,JUSTIN DODSON,54,Phoenix,Arizona,USA,85030,33.26714169,-112.1644655,Male,Organic
120,JOSE MOORE,23,Phoenix,Arizona,USA,85030,33.29121654,-112.1680205,Male,Search
121,NATHAN GATES,84,Phoenix,Arizona,USA,85030,33.26851501,-112.2081052,Male,Organic
122,ADAM SNOW,41,Phoenix,Arizona,USA,85030,33.25752769,-112.2188398,Male,Facebook
123,FRANK GILBERT,47,Phoenix,Arizona,USA,85030,33.25750234,-112.1840907,Male,Facebook
124,JEFFREY ROBITAILLE,37,Phoenix,Arizona,USA,85031,33.28082748,-112.1750981,Male,Search
125,HECTOR COX,58,Phoenix,Arizona,USA,85032,33.294453,-112.1670901,Male,Search
126,TIMOTHY KEARSE,41,Phoenix,Arizona,USA,85032,33.30520764,-112.1980549,Male,Search
127,WILBUR TIDWELL,33,Phoenix,Arizona,USA,85032,33.28317229,-112.1984183,Male,Search
128,JOHN GEORGE,16,Phoenix,Arizona,USA,85033,33.30333934,-112.1637991,Male,Organic
129,JOHN DANIEL,54,Phoenix,Arizona,USA,85033,33.29830986,-112.2075227,Male,Search
130,ROBERT CASEY,16,Phoenix,Arizona,USA,85033,33.2696829,-112.1518997,Male,Display
131,TROY WOODFORD,53,Phoenix,Arizona,USA,85033,33.24132598,-112.1667045,Male,Facebook
132,CARL WOODIE,36,Phoenix,Arizona,USA,85033,33.29448925,-112.2139493,Male,Facebook
133,STEPHEN ZAVALA,47,Phoenix,Arizona,USA,85033,33.25134258,-112.1868719,Male,Search
134,GERALD SMITH,20,Phoenix,Arizona,USA,85034,33.403025,-111.9746549,Male,Search
135,HUBERT CHAVEZ,41,Phoenix,Arizona,USA,85034,33.39955936,-111.9784624,Male,Facebook
136,MICHAEL ROMERO,42,Phoenix,Arizona,USA,85034,33.41397008,-112.0007516,Male,Search
137,MICHAEL HUBER,12,Phoenix,Arizona,USA,85034,33.41299446,-111.980524,Male,Facebook
138,JACK TANAKA,12,Phoenix,Arizona,USA,85034,33.41791037,-112.0086987,Male,Email
139,JAMES HALLORAN,25,Phoenix,Arizona,USA,85035,33.29742788,-112.203688,Male,Organic
140,CHRIS ENGLE,27,Phoenix,Arizona,USA,85035,33.31095131,-112.1717402,Male,Facebook
141,MAURICE YAZZIE,48,Phoenix,Arizona,USA,85035,33.28801396,-112.1919067,Male,Organic
142,STEVEN KIM,89,Phoenix,Arizona,USA,85035,33.29443125,-112.1523333,Male,Email
143,ERICK DICKSON,58,Phoenix,Arizona,USA,85035,33.27453527,-112.2231715,Male,Facebook
144,NATHAN INGRAM,48,Phoenix,Arizona,USA,85036,33.28966994,-112.1526289,Male,Display
145,NEIL BRANHAM,20,Phoenix,Arizona,USA,85036,33.24532063,-112.1995656,Male,Email
146,KEITH VIERA,14,Phoenix,Arizona,USA,85037,33.24378123,-112.1927945,Male,Organic
147,THOMAS LAMBERT,24,Phoenix,Arizona,USA,85037,33.25960405,-112.1797048,Male,Organic
148,ROBERT RICHEY,49,Phoenix,Arizona,USA,85037,33.26381574,-112.1565319,Male,Search
149,LOUIS JORDAN,41,Phoenix,Arizona,USA,85037,33.25438166,-112.1755621,Male,Search
150,ROBERT WALTER,27,Phoenix,Arizona,USA,85038,33.26102159,-112.1624351,Male,Organic
151,MATTHEW MASKE,59,Phoenix,Arizona,USA,85040,33.37932651,-112.0635931,Male,Display
152,MARK BISHOP,39,Phoenix,Arizona,USA,85040,33.33470988,-112.0867139,Male,Email
153,DONALD ALLEN,58,Phoenix,Arizona,USA,85041,33.38328995,-112.1008786,Male,Search
154,KURT BILLINGS,42,Phoenix,Arizona,USA,85041,33.39739277,-112.12409,Male,Organic
155,AARON RILEY,47,Phoenix,Arizona,USA,85041,33.39055244,-112.1248795,Male,Search
156,CLINTON KNOX,57,Phoenix,Arizona,USA,85041,33.3694068,-112.1452312,Male,Search
157,CHRISTOPHER PARSONS,12,Phoenix,Arizona,USA,85043,33.27695337,-112.1602393,Male,Display
158,JAMES COTNER,48,Phoenix,Arizona,USA,85043,33.31146413,-112.208691,Male,Search
159,EUGENE NUMBERS,16,Phoenix,Arizona,USA,85043,33.2461418,-112.1904006,Male,Search
160,WILLIE HUFFMAN,21,Phoenix,Arizona,USA,85044,33.34616219,-111.9899255,Male,Facebook
161,JACK JENKINS,71,Phoenix,Arizona,USA,85044,33.32287011,-111.9776227,Male,Facebook
162,DANIEL ZHU,61,Phoenix,Arizona,USA,85044,33.32777076,-111.9741875,Male,Email
163,BARRY WARNER,41,Phoenix,Arizona,USA,85044,33.32504905,-111.9941674,Male,Organic
164,ERIC UCHIDA,37,Phoenix,Arizona,USA,85044,33.32688592,-111.9819383,Male,Display
165,TIMMY MAKIN,44,Phoenix,Arizona,USA,85044,33.34672655,-112.0072245,Male,Organic
166,CARL MAYER,52,Phoenix,Arizona,USA,85044,33.37266987,-111.9816002,Male,Organic
167,CURTIS TURNER,48,Phoenix,Arizona,USA,85044,33.37243115,-111.9535097,Male,Organic
168,WOODROW FINE,48,Phoenix,Arizona,USA,85045,33.28056608,-112.1577004,Male,Facebook
169,GARY BARNES,16,Phoenix,Arizona,USA,85045,33.29387215,-112.1287665,Male,Search
170,MICHAEL JOHNSON,56,Phoenix,Arizona,USA,85045,33.30073314,-112.0922513,Male,Organic
171,MICHAEL PARK,41,Phoenix,Arizona,USA,85045,33.32593998,-112.0930718,Male,Display
172,BOBBIE HARRISON,16,Phoenix,Arizona,USA,85046,33.2408239,-112.167,Male,Display
173,JACK GREEN,22,Phoenix,Arizona,USA,85046,33.28811648,-112.1678652,Male,Organic
174,JOHN WHITACRE,52,Phoenix,Arizona,USA,85046,33.30731565,-112.1731376,Male,Organic
175,TIM SCOTT,14,Phoenix,Arizona,USA,85046,33.26913332,-112.1689563,Male,Organic
176,ZACHARY GALLANT,12,Phoenix,Arizona,USA,85048,33.29686813,-112.0773239,Male,Organic
177,ADAM FIELDS,87,Phoenix,Arizona,USA,85048,33.31114991,-112.0955976,Male,Search
178,ANTHONY SAMPSON,53,Phoenix,Arizona,USA,85048,33.3441981,-112.0910309,Male,Display
179,ERNESTO MILLER,52,Phoenix,Arizona,USA,85050,33.3086285,-112.1563454,Male,Search
180,JAMES FAVORS,41,Phoenix,Arizona,USA,85050,33.25584254,-112.1959252,Male,Organic
181,DUSTIN COHEN,14,Phoenix,Arizona,USA,85050,33.25977454,-112.1945698,Male,Organic
182,MICHEAL TARDIFF,16,Phoenix,Arizona,USA,85050,33.29796928,-112.2151677,Male,Display
183,EUGENE MCAULEY,77,Phoenix,Arizona,USA,85050,33.27697445,-112.1809226,Male,Display
184,STEVEN JONES,25,Phoenix,Arizona,USA,85053,33.28396898,-112.1691712,Male,Facebook
185,WAYNE SHELTON,52,Phoenix,Arizona,USA,85053,33.24842085,-112.1941856,Male,Organic
186,ANTHONY MAGLIONE,14,Phoenix,Arizona,USA,85053,33.27518523,-112.2164969,Male,Organic
187,EDWARD BRADY,12,Phoenix,Arizona,USA,85053,33.3101298,-112.1702392,Male,Facebook
188,JOHN TRIPP,54,Phoenix,Arizona,USA,85053,33.25983329,-112.1956918,Male,Email
189,MELVIN WOODARD,27,Phoenix,Arizona,USA,85053,33.2813119,-112.1806078,Male,Organic
190,ANGEL MORRISON,14,Phoenix,Arizona,USA,85053,33.28521711,-112.1664584,Male,Email
191,BRUCE PENICK,49,Phoenix,Arizona,USA,85054,33.25663864,-112.1986578,Male,Search
192,ROBERT MANLEY,62,Phoenix,Arizona,USA,85054,33.26407398,-112.1760879,Male,Organic
193,GREGORY HIBBS,25,Phoenix,Arizona,USA,85054,33.28800599,-112.1766282,Male,Search
194,KENNETH JAMES,43,Phoenix,Arizona,USA,85055,33.30060018,-112.2006846,Male,Display
195,FRANK HUGH,46,Phoenix,Arizona,USA,85055,33.27408989,-112.1890081,Male,Search
196,CHARLES JOHNSON,16,Phoenix,Arizona,USA,85060,33.25752644,-112.2034198,Male,Search
197,JAMES LINDER,14,Phoenix,Arizona,USA,85060,33.24506238,-112.206969,Male,Search
198,HOWARD GARDNER,43,Phoenix,Arizona,USA,85060,33.30957345,-112.176234,Male,Email
199,RICHARD HARDY,83,Phoenix,Arizona,USA,85060,33.2765352,-112.158558,Male,Organic
200,EARNEST CHAI,43,Phoenix,Arizona,USA,85060,33.26720187,-112.1968744,Male,Search
201,DAN CHOI,12,Phoenix,Arizona,USA,85060,33.29246417,-112.1982592,Male,Organic
202,THANH SEVIN,46,Phoenix,Arizona,USA,85060,33.30252603,-112.1885433,Male,Search
203,LUIS DALRYMPLE,14,Phoenix,Arizona,USA,85060,33.26178887,-112.216613,Male,Display
204,FRANK PONTIFF,39,Phoenix,Arizona,USA,85061,33.28516064,-112.2220485,Male,Organic
205,MATTHEW SOULIERE,46,Phoenix,Arizona,USA,85061,33.25792663,-112.1800166,Male,Search
206,EMILIO SPAETH,47,Phoenix,Arizona,USA,85061,33.30882457,-112.2019315,Male,Facebook
207,RICHARD HUGHES,53,Phoenix,Arizona,USA,85061,33.30335974,-112.1703649,Male,Organic
208,JONATHON LONG,12,Phoenix,Arizona,USA,85061,33.26492723,-112.16237,Male,Organic
209,DANIEL PONCE,44,Phoenix,Arizona,USA,85061,33.27633649,-112.2104853,Male,Search
210,SAMUEL MALONEY,28,Phoenix,Arizona,USA,85062,33.25335739,-112.1542719,Male,Email
211,ANDY GORDON,36,Phoenix,Arizona,USA,85063,33.26475655,-112.2227993,Male,Email
212,JOHN COOPER,12,Phoenix,Arizona,USA,85063,33.24942437,-112.1819098,Male,Email
213,HENRY VELA,48,Phoenix,Arizona,USA,85063,33.28375583,-112.1849361,Male,Search
214,AARON ANDERSON,46,Phoenix,Arizona,USA,85064,33.25911789,-112.1608364,Male,Organic
215,LACY BYRD,64,Phoenix,Arizona,USA,85064,33.26356182,-112.1639475,Male,Organic
216,CHRISTOPHER MURDOCK,20,Phoenix,Arizona,USA,85066,33.27725889,-112.1681232,Male,Facebook
217,ROBERT GONZALEZ,16,Phoenix,Arizona,USA,85066,33.29323442,-112.1573034,Male,Search
218,DON HARRIS,33,Phoenix,Arizona,USA,85066,33.30213178,-112.160442,Male,Search
219,WESTON BAKER,84,Phoenix,Arizona,USA,85066,33.24502843,-112.2206357,Male,Search
220,ARTHUR NELSON,16,Phoenix,Arizona,USA,85067,33.26497627,-112.181492,Male,Email
221,GORDON TROUT,54,Phoenix,Arizona,USA,85067,33.28649375,-112.1995959,Male,Organic
222,JACQUES MARTINEZ,39,Phoenix,Arizona,USA,85067,33.2859203,-112.1820183,Male,Email
223,TIMOTHY SUMMERVILLE,43,Phoenix,Arizona,USA,85067,33.25514261,-112.2094927,Male,Organic
224,MARIO LEAR,37,Phoenix,Arizona,USA,85067,33.27135919,-112.1657594,Male,Organic
225,JORGE GOODWIN,12,Phoenix,Arizona,USA,85068,33.2573069,-112.1685231,Male,Organic
226,HAROLD HENDRICKS,12,Phoenix,Arizona,USA,85068,33.30672104,-112.2082576,Male,Search
227,STEVE MOULTON,54,Phoenix,Arizona,USA,85068,33.29394819,-112.1558712,Male,Organic
228,RICHARD WHITE,28,Phoenix,Arizona,USA,85068,33.28847833,-112.1622163,Male,Organic
229,JOHN JOHNSON,24,Phoenix,Arizona,USA,85069,33.2631755,-112.1764387,Male,Organic
230,LOUIS GARETT,54,Phoenix,Arizona,USA,85069,33.26395797,-112.1769896,Male,Organic
231,RODERICK SPATARO,69,Phoenix,Arizona,USA,85069,33.30235897,-112.185866,Male,Organic
232,JULIAN ODOM,47,Phoenix,Arizona,USA,85069,33.24561525,-112.1808368,Male,Organic
233,DANA PEREZ,61,Phoenix,Arizona,USA,85069,33.24087623,-112.1620912,Male,Search
234,ROY SPAULDING,57,Phoenix,Arizona,USA,85072,33.30703338,-112.2151321,Male,Search
235,ARTHUR HENDERSON,46,Phoenix,Arizona,USA,85072,33.30371369,-112.1573146,Male,Search
236,STEVEN NOLAN,54,Phoenix,Arizona,USA,85072,33.27484999,-112.15585,Male,Organic
237,STEPHEN DUDLEY,32,Phoenix,Arizona,USA,85072,33.26752588,-112.1798173,Male,Search
238,DAVID BONNEY,64,Phoenix,Arizona,USA,85072,33.27141338,-112.1594953,Male,Display
239,RICK MCNELLY,27,Phoenix,Arizona,USA,85073,33.30106352,-112.1775435,Male,Organic
240,NICK HENSON,12,Phoenix,Arizona,USA,85073,33.26566077,-112.2140968,Male,Email
241,JASON KELLERMAN,69,Phoenix,Arizona,USA,85073,33.26410013,-112.1694983,Male,Display
242,PETER GASTON,14,Phoenix,Arizona,USA,85073,33.25605747,-112.173626,Male,Organic
243,TONY BONEY,16,Phoenix,Arizona,USA,85073,33.30891229,-112.2229891,Male,Facebook
244,MARCUS CHARLES,58,Phoenix,Arizona,USA,85073,33.30917327,-112.1642497,Male,Organic
245,JOHN HUFFMAN,46,Phoenix,Arizona,USA,85073,33.27929745,-112.1627025,Male,Organic
246,STEVEN CUMMINGS,37,Phoenix,Arizona,USA,85075,33.24086652,-112.1588016,Male,Facebook
247,PAUL REID,52,Phoenix,Arizona,USA,85075,33.30819352,-112.1834067,Male,Search
248,ROBERT CRAWFORD,49,Phoenix,Arizona,USA,85075,33.2966302,-112.1682594,Male,Organic
249,JAMES HOLLER,12,Phoenix,Arizona,USA,85075,33.24948488,-112.1751365,Male,Organic
250,EDDIE BUTLER,16,Phoenix,Arizona,USA,85075,33.2421125,-112.1806386,Male,Facebook
251,JACK RILEY,14,Phoenix,Arizona,USA,85075,33.25018914,-112.1779621,Male,Organic
252,HERMAN CARNEY,34,Phoenix,Arizona,USA,85076,33.28793436,-112.1878318,Male,Facebook
253,DANIEL SKINNER,30,Phoenix,Arizona,USA,85076,33.29936401,-112.212963,Male,Organic
254,MICHAEL MILES,46,Phoenix,Arizona,USA,85076,33.27257204,-112.2162034,Male,Search
255,PAUL STEELE,30,Phoenix,Arizona,USA,85077,33.24993079,-112.1693684,Male,Organic
256,SHANE GALE,21,Phoenix,Arizona,USA,85077,33.27490372,-112.1582207,Male,Organic
257,DAVID ALBANO,52,Phoenix,Arizona,USA,85077,33.26476096,-112.159564,Male,Organic
258,ROBERT SMITH,37,Phoenix,Arizona,USA,85077,33.26167667,-112.2104176,Male,Email
259,JERRY RISNER,16,Phoenix,Arizona,USA,85077,33.24672558,-112.2207788,Male,Email
260,ALFONSO CLARK,72,Phoenix,Arizona,USA,85080,33.26943428,-112.1699125,Male,Organic
261,ROBERT COOLEY,24,Phoenix,Arizona,USA,85080,33.30249201,-112.1562549,Male,Organic
262,BRAIN BURDEN,26,Phoenix,Arizona,USA,85080,33.28546188,-112.2024506,Male,Organic
263,BRANDON BECK,56,Phoenix,Arizona,USA,85082,33.24627226,-112.1525913,Male,Organic
264,JEFFREY FRIEND,12,Phoenix,Arizona,USA,85085,33.30437712,-112.1544664,Male,Organic
265,FRANCIS SHARP,36,Phoenix,Arizona,USA,85085,33.26143525,-112.1524055,Male,Display
266,CLAY COOK,49,Phoenix,Arizona,USA,85086,33.267794,-112.1562627,Male,Search
267,ERIK GREEN,21,Phoenix,Arizona,USA,85086,33.26987615,-112.1526476,Male,Facebook
268,ROBERT CAMPBELL,19,Phoenix,Arizona,USA,85086,33.26108051,-112.1700101,Male,Facebook
269,CARLTON MCKNIGHT,14,Phoenix,Arizona,USA,85086,33.28610557,-112.1856516,Male,Display
270,WILLIAM BONNER,93,Phoenix,Arizona,USA,85098,33.27475731,-112.1969789,Male,Search
271,NEIL MEADOWS,36,Phoenix,Arizona,USA,85098,33.25740541,-112.2032578,Male,Search
272,JOHNNY STEPNEY,49,Phoenix,Arizona,USA,85098,33.29140583,-112.2221685,Male,Facebook
273,MICHAEL OWENS,46,Phoenix,Arizona,USA,85098,33.27711384,-112.1711027,Male,Facebook
274,NATHAN CORTEZ,52,Phoenix,Arizona,USA,85098,33.29858678,-112.1611502,Male,Search
275,BRIAN RAMSEY,38,Mesa,Arizona,USA,85201,33.43935036,-111.8676333,Male,Search
276,DAMON YOCOM,36,Mesa,Arizona,USA,85201,33.45430172,-111.8384594,Male,Email
277,CHARLES NATHAN,14,Mesa,Arizona,USA,85201,33.4192622,-111.8495287,Male,Display
278,ANDREW BUTLER,16,Mesa,Arizona,USA,85201,33.4384323,-111.8267085,Male,Search
279,MARK BEST,44,Mesa,Arizona,USA,85201,33.40738799,-111.8537461,Male,Facebook
280,THOMAS JONES,62,Mesa,Arizona,USA,85201,33.42517789,-111.8808514,Male,Organic
281,DAN MCKEY,43,Mesa,Arizona,USA,85202,33.3984132,-111.771945,Male,Facebook
282,EUGENE LIGHT,14,Mesa,Arizona,USA,85202,33.41616514,-111.8200862,Male,Email
283,DONALD ELLS,61,Mesa,Arizona,USA,85202,33.37812387,-111.7933942,Male,Facebook
284,EMMETT LESSARD,59,Mesa,Arizona,USA,85203,33.42083303,-111.8121351,Male,Display
285,THOMAS JOHNSON,78,Mesa,Arizona,USA,85203,33.42934468,-111.825951,Male,Organic
286,DONALD DONOVAN,16,Mesa,Arizona,USA,85203,33.42640506,-111.8486981,Male,Email
287,RICHARD DOWE,36,Mesa,Arizona,USA,85204,33.41152996,-111.7797091,Male,Display
288,DEREK TAYLOR,14,Mesa,Arizona,USA,85204,33.40593965,-111.7629386,Male,Search
289,STEPHEN COOPER,37,Mesa,Arizona,USA,85204,33.42464145,-111.7586263,Male,Organic
290,CHRISTOPHER BAKER,81,Mesa,Arizona,USA,85204,33.39086585,-111.7830539,Male,Organic
291,STEVEN MATTHEWS,34,Mesa,Arizona,USA,85204,33.42587079,-111.7994408,Male,Search
292,RAYMOND YOUNG,51,Mesa,Arizona,USA,85204,33.37193179,-111.7864876,Male,Organic
293,JOHN CANTU,46,Mesa,Arizona,USA,85204,33.39933478,-111.8190216,Male,Search
294,CHARLES MCKIE,57,Mesa,Arizona,USA,85204,33.37779465,-111.8145227,Male,Organic
295,ANTHONY CLARK,19,Mesa,Arizona,USA,85205,33.46330623,-111.7256595,Male,Organic
296,JEROME OHARA,14,Mesa,Arizona,USA,85205,33.45069745,-111.7133457,Male,Organic
297,BRANDON HOKE,37,Mesa,Arizona,USA,85206,33.41378212,-111.7456735,Male,Email
298,SAM GAY,16,Mesa,Arizona,USA,85207,33.41208842,-111.7243926,Male,Email
299,RONALD NATOLI,16,Mesa,Arizona,USA,85207,33.46635536,-111.7401188,Male,Search
300,HOWARD SHEPPARD,61,Mesa,Arizona,USA,85207,33.4303741,-111.7347178,Male,Search
301,TIMOTHY WILLIAMSON,69,Mesa,Arizona,USA,85207,33.46337868,-111.7766643,Male,Facebook
302,KIM GREEN,77,Mesa,Arizona,USA,85208,33.40890728,-111.6926225,Male,Display
303,CARL PEREZ,38,Mesa,Arizona,USA,85208,33.41220369,-111.6865883,Male,Display
304,GEORGE FLEMING,58,Mesa,Arizona,USA,85210,33.38440068,-111.8307353,Male,Search
305,FRED WASILEWSKI,21,Mesa,Arizona,USA,85210,33.41661508,-111.8297472,Male,Organic
306,CALEB SOTO,64,Mesa,Arizona,USA,85210,33.39245963,-111.8553822,Male,Display
307,OMAR CHARLESTON,16,Mesa,Arizona,USA,85210,33.37646418,-111.8717117,Male,Email
308,RICHARD NICE,14,Mesa,Arizona,USA,85210,33.40062166,-111.8413375,Male,Search
309,BRIAN STORCH,16,Mesa,Arizona,USA,85210,33.38642251,-111.8167965,Male,Facebook
310,ROSCOE GOFF,66,Mesa,Arizona,USA,85210,33.39156891,-111.8523115,Male,Organic
311,GREG GOODWIN,18,Mesa,Arizona,USA,85210,33.39237009,-111.806838,Male,Organic
312,VICTOR CIMINO,63,Mesa,Arizona,USA,85211,33.50207354,-111.8652802,Male,Facebook
313,BENJAMIN WARD,16,Mesa,Arizona,USA,85211,33.4927795,-111.8438121,Male,Facebook
314,BILLY BAILEY,43,Mesa,Arizona,USA,85211,33.44132405,-111.8604089,Male,Search
315,LEMUEL THOMPSON,33,Mesa,Arizona,USA,85211,33.44397988,-111.8110538,Male,Organic
316,MICHAEL SANTIAGO,27,Mesa,Arizona,USA,85212,33.36868357,-111.6526339,Male,Display
317,TY LUCAS,61,Mesa,Arizona,USA,85212,33.36016791,-111.6561811,Male,Search
318,CHARLES ROMANO,56,Mesa,Arizona,USA,85212,33.37182258,-111.6093308,Male,Organic
319,CHARLES STEWART,59,Mesa,Arizona,USA,85212,33.35729285,-111.6244427,Male,Organic
320,JAMES CLARK,14,Mesa,Arizona,USA,85213,33.43061401,-111.7962438,Male,Search
321,WILLIE ROCHA,41,Mesa,Arizona,USA,85213,33.43312544,-111.8406687,Male,Organic
322,ERIC SMALL,14,Mesa,Arizona,USA,85213,33.45052546,-111.8189751,Male,Display
323,JAMES ROSAS,29,Mesa,Arizona,USA,85213,33.41288691,-111.8627459,Male,Organic
324,EDDIE SHEPARD,16,Mesa,Arizona,USA,85213,33.44868176,-111.8000743,Male,Facebook
325,ROBERT ABBOTT,37,Mesa,Arizona,USA,85215,33.48266035,-111.6846842,Male,Facebook
326,RANDOLPH CONNELL,52,Mesa,Arizona,USA,85215,33.45642838,-111.7267504,Male,Search
327,JAMES NOLL,44,Mesa,Arizona,USA,85215,33.48463962,-111.7290128,Male,Search
328,LARRY COLE,16,Mesa,Arizona,USA,85215,33.48764213,-111.7204554,Male,Display
329,ROBERT WOOD,78,Mesa,Arizona,USA,85215,33.49665368,-111.7471455,Male,Organic
330,ROY MEJIA,97,Mesa,Arizona,USA,85215,33.46539237,-111.7092572,Male,Organic
331,ELI HOLLOWAY,14,Mesa,Arizona,USA,85215,33.45675554,-111.7487068,Male,Organic
332,EDWARD ARMSTRONG,62,Mesa,Arizona,USA,85216,33.27656635,-112.1539584,Male,Facebook
333,ASHLEY SALTER,43,Mesa,Arizona,USA,85216,33.24337888,-112.2095566,Male,Facebook
334,DARIUS DAVIS,76,Apache Junction,Arizona,USA,85219,33.34636946,-111.2842604,Male,Organic
335,KELLY GATES,27,Apache Junction,Arizona,USA,85219,33.36931348,-111.3072797,Male,Organic
336,JOHN PRICE,25,Apache Junction,Arizona,USA,85219,33.39325533,-111.2548207,Male,Search
337,JAMES JAMES,51,Apache Junction,Arizona,USA,85219,33.37245486,-111.2523248,Male,Display
338,MARK HERR,54,Apache Junction,Arizona,USA,85219,33.38514342,-111.3099522,Male,Organic
339,PETER MOORE,28,Apache Junction,Arizona,USA,85219,33.33222696,-111.2805756,Male,Search
340,CHRISTOPHER BURCH,14,Apache Junction,Arizona,USA,85219,33.36536445,-111.2640831,Male,Search
341,MELVIN JOHNSON,16,Apache Junction,Arizona,USA,85219,33.3388602,-111.2701734,Male,Organic
342,SHAWN DOWNER,36,Apache Junction,Arizona,USA,85220,33.43261317,-111.5270977,Male,Organic
343,ADOLPH KERR,14,Apache Junction,Arizona,USA,85220,33.40043454,-111.5316156,Male,Organic
344,KEVEN LAMB,37,Apache Junction,Arizona,USA,85220,33.393857,-111.5129003,Male,Email
345,DUANE KELLY,16,Apache Junction,Arizona,USA,85220,33.38491627,-111.5701775,Male,Organic
346,ROBERT BRANAM,54,Apache Junction,Arizona,USA,85220,33.38337632,-111.5380238,Male,Organic
347,HAROLD CUSTER,16,Apache Junction,Arizona,USA,85220,33.41845972,-111.5183855,Male,Email
348,GARY SMITH,64,Apache Junction,Arizona,USA,85220,33.40389938,-111.5258114,Male,Search
349,CHRIS YOUNG,14,Apache Junction,Arizona,USA,85220,33.42717575,-111.508531,Male,Search
350,WILLIAM COAN,43,Casa Grande,Arizona,USA,85222,32.87832123,-111.7745126,Male,Organic
351,GREGORY MAPLES,52,Casa Grande,Arizona,USA,85222,32.92009826,-111.7570974,Male,Organic
352,KIM JOHNSON,42,Chandler,Arizona,USA,85224,33.2787503,-111.8171006,Male,Facebook
353,VERNON ROBERTS,53,Chandler,Arizona,USA,85224,33.32289649,-111.8346923,Male,Facebook
354,GUSTAVO BROWN,99,Chandler,Arizona,USA,85224,33.29578978,-111.8421049,Male,Search
355,MICHAEL MANNINGS,57,Chandler,Arizona,USA,85224,33.30231474,-111.8478633,Male,Search
356,VINCENT GRESHAM,12,Chandler,Arizona,USA,85224,33.31567971,-111.8671251,Male,Search
357,PETER ROBERTS,12,Chandler,Arizona,USA,85224,33.2751882,-111.8539301,Male,Search
358,ANDREW STOLLER,52,Chandler,Arizona,USA,85225,33.30553355,-111.8469862,Male,Organic
359,WINSTON FELDMAN,46,Chandler,Arizona,USA,85225,33.32839957,-111.8590774,Male,Search
360,RAYMOND GETZ,28,Chandler,Arizona,USA,85225,33.32603954,-111.8402118,Male,Organic
361,HENRY ROSS,16,Chandler,Arizona,USA,85225,33.32389362,-111.7936904,Male,Search
362,BENTON REYNOLDS,14,Chandler,Arizona,USA,85225,33.35352828,-111.8096828,Male,Facebook
363,LESTER VILLASENOR,43,Chandler,Arizona,USA,85225,33.3613778,-111.7943084,Male,Email
364,SHAUN HUFF,19,Chandler,Arizona,USA,85225,33.34695158,-111.8401314,Male,Facebook
365,MARTIN WHITE,64,Chandler,Arizona,USA,85225,33.33217704,-111.853392,Male,Email
366,OSCAR PAPPAS,47,Chandler,Arizona,USA,85226,33.33165946,-111.9323272,Male,Search
367,MONTY PERKINS,12,Chandler,Arizona,USA,85226,33.30459543,-111.9504988,Male,Email
368,DUSTIN JOHNSON,48,Casa Grande,Arizona,USA,85230,32.8113594,-111.7283635,Male,Organic
369,MARK RICHARDSON,54,Casa Grande,Arizona,USA,85230,32.8285328,-111.7138418,Male,Organic
370,ERIC WALTON,79,Casa Grande,Arizona,USA,85230,32.84337148,-111.693245,Male,Search
371,VINCENT HOWARD,44,Casa Grande,Arizona,USA,85230,32.83406131,-111.7376676,Male,Email
372,VERNON BRODERSEN,41,Florence,Arizona,USA,85232,32.99015959,-111.4212288,Male,Organic
373,JEFFERY PLUMMER,16,Florence,Arizona,USA,85232,32.9781782,-111.4276767,Male,Organic
374,STEVEN SERRANO,76,Florence,Arizona,USA,85232,32.9810761,-111.4320829,Male,Organic
375,JEREMY AMAYA,46,Florence,Arizona,USA,85232,32.98785857,-111.417769,Male,Email
376,LEROY THOMPSON,29,Florence,Arizona,USA,85232,32.98216461,-111.4286114,Male,Search
377,BOBBY STUDEBAKER,12,Gilbert,Arizona,USA,85233,33.30560123,-111.8123562,Male,Search
378,LEONARD MAZUR,54,Gilbert,Arizona,USA,85233,33.33748904,-111.8090507,Male,Organic
379,ANDREW MICKEL,47,Gilbert,Arizona,USA,85233,33.36402336,-111.8294457,Male,Search
380,CHAD MCGUIRE,12,Gilbert,Arizona,USA,85233,33.36264182,-111.7931037,Male,Organic
381,STEVE MORGAN,44,Gilbert,Arizona,USA,85233,33.35231921,-111.8237045,Male,Organic
382,JEFFERY HANEY,33,Gilbert,Arizona,USA,85233,33.31342624,-111.7861915,Male,Organic
383,BERNARD KAWAMOTO,68,Gilbert,Arizona,USA,85233,33.34346643,-111.8377104,Male,Organic
384,ARTHUR WILSON,41,Gilbert,Arizona,USA,85233,33.30393853,-111.796334,Male,Display
385,JAMES RIVERA,42,Gilbert,Arizona,USA,85233,33.36697405,-111.8487619,Male,Organic
386,MICHAEL HAKALA,43,Gilbert,Arizona,USA,85234,33.37906978,-111.7662505,Male,Display
387,DONALD GONZALES,16,Gilbert,Arizona,USA,85234,33.38081794,-111.8041852,Male,Display
388,PHILIP TUCKER,38,Gilbert,Arizona,USA,85234,33.37712219,-111.7602581,Male,Search
389,DAVID MILES,39,Gilbert,Arizona,USA,85234,33.35291305,-111.756631,Male,Organic
390,MIKE PAIGE,68,Gilbert,Arizona,USA,85234,33.35125801,-111.8054073,Male,Display
391,JEREMY MARTIN,42,Gilbert,Arizona,USA,85234,33.36910652,-111.7824543,Male,Organic
392,RICHARD DEWEY,14,Gilbert,Arizona,USA,85234,33.34465567,-111.7700192,Male,Search
393,ANTHONY PHILLIPS,41,Gilbert,Arizona,USA,85234,33.37466753,-111.7853209,Male,Organic
394,LEE MELTON,33,Gilbert,Arizona,USA,85234,33.37424419,-111.8077875,Male,Organic
395,GLENN PARSONS,38,Gilbert,Arizona,USA,85234,33.37055577,-111.7493075,Male,Search
396,BROCK DAMON,59,Gilbert,Arizona,USA,85234,33.37348859,-111.7811238,Male,Organic
397,JOSEPH COPLEY,54,Gilbert,Arizona,USA,85234,33.37021403,-111.7792543,Male,Organic
398,JAMES DALE,16,Gilbert,Arizona,USA,85234,33.33167368,-111.7785533,Male,Organic
399,TIMOTHY ROGERS,31,Gilbert,Arizona,USA,85234,33.34411577,-111.8056514,Male,Display
400,TONY BERRY,61,Gilbert,Arizona,USA,85234,33.32891592,-111.7491862,Male,Email
401,STEVEN SCRUGGS,30,Gilbert,Arizona,USA,85234,33.35144674,-111.7772122,Male,Organic
402,KENNETH LIGON,14,Gilbert,Arizona,USA,85234,33.35394136,-111.7818886,Male,Organic
403,CARL KINGSTON,63,Gilbert,Arizona,USA,85234,33.33239504,-111.7573233,Male,Organic
404,ANTHONY DEYOUNG,16,Maricopa,Arizona,USA,85239,32.96595867,-112.0476553,Male,Email
405,EDWARD RODRIGUEZ,12,Maricopa,Arizona,USA,85239,32.95067485,-112.0584889,Male,Facebook
406,JOHN FARMER,48,Maricopa,Arizona,USA,85239,32.96516124,-112.0490169,Male,Search
407,JESUS OBRIEN,47,Maricopa,Arizona,USA,85239,32.96392973,-112.0561027,Male,Organic
408,GEOFFREY JOHNSON,16,Maricopa,Arizona,USA,85239,32.94960653,-112.0504714,Male,Organic
409,MARC BAKER,39,Maricopa,Arizona,USA,85239,32.9575389,-112.0510197,Male,Organic
410,GAYLORD MILLER,37,Maricopa,Arizona,USA,85239,32.96555093,-112.0566657,Male,Organic
411,LAWRENCE DAVENPORT,66,Maricopa,Arizona,USA,85239,32.96475152,-112.0496719,Male,Display
412,JOSEPH LEWIS,14,Maricopa,Arizona,USA,85239,32.96184178,-112.0452565,Male,Search
413,HARRY TAGGART,47,Maricopa,Arizona,USA,85239,32.96296358,-112.0513429,Male,Search
414,LARRY YATES,20,Maricopa,Arizona,USA,85239,32.95096724,-112.0483366,Male,Search
415,DARRELL FRENCH,46,Maricopa,Arizona,USA,85239,32.96370319,-112.0616754,Male,Organic
416,CRAIG BLANK,42,Maricopa,Arizona,USA,85239,32.95435556,-112.0507552,Male,Search
417,MAN VENTURA,27,Queen Creek,Arizona,USA,85242,33.2852163,-111.6531119,Male,Organic
418,JOHN HAINES,12,Queen Creek,Arizona,USA,85242,33.29039508,-111.6545107,Male,Facebook
419,JOHN TROLLINGER,62,Queen Creek,Arizona,USA,85242,33.29253644,-111.655314,Male,Facebook
420,JAMES HAIRSTON,57,Queen Creek,Arizona,USA,85242,33.27801055,-111.6611661,Male,Email
421,CHRIS LARSON,54,Chandler,Arizona,USA,85244,33.32160509,-111.8895805,Male,Search
422,JERRY WALKER,14,Chandler,Arizona,USA,85244,33.3511506,-111.8939773,Male,Email
423,NELSON JONES,48,Chandler,Arizona,USA,85244,33.31728677,-111.9149933,Male,Organic
424,JOSEPH YOUNG,16,Chandler,Arizona,USA,85244,33.31170907,-111.8575135,Male,Organic
425,JAMES COCHRAN,49,Chandler,Arizona,USA,85244,33.30735994,-111.8573567,Male,Organic
426,DANIEL MORGAN,36,Chandler,Arizona,USA,85244,33.31271699,-111.9083989,Male,Search
427,RAYMOND DOOLITTLE,16,Chandler,Arizona,USA,85244,33.3210216,-111.8953081,Male,Organic
428,JOHN VARGAS,16,Chandler,Arizona,USA,85244,33.34828274,-111.9117574,Male,Organic
429,NATHAN MONTGOMERY,41,Chandler,Arizona,USA,85246,33.24889388,-112.1903167,Male,Search
430,MICHAEL WILSON,38,Chandler,Arizona,USA,85246,33.24474646,-112.1702687,Male,Organic
431,ELMER HAFER,51,Chandler,Arizona,USA,85246,33.28917094,-112.1678725,Male,Search
432,GEORGE SICARD,54,Chandler,Arizona,USA,85248,33.28568163,-111.8845011,Male,Search
433,GERARDO PARKER,12,Chandler,Arizona,USA,85248,33.2506878,-111.895217,Male,Search
434,FLOYD WOLFE,46,Chandler,Arizona,USA,85248,33.263342,-111.8624624,Male,Facebook
435,VINCENT SPATARO,20,Chandler,Arizona,USA,85248,33.22294274,-111.8721666,Male,Display
436,PHILLIP CARLILE,39,Chandler,Arizona,USA,85248,33.28504678,-111.8801076,Male,Facebook
437,JOHN DAY,12,Chandler,Arizona,USA,85249,33.22670856,-111.7993176,Male,Organic
438,RODNEY PENNY,14,Chandler,Arizona,USA,85249,33.24659662,-111.7886713,Male,Search
439,ANTON BENITEZ,12,Chandler,Arizona,USA,85249,33.2294647,-111.7890235,Male,Search
440,WILLIAM DAWSON,58,Chandler,Arizona,USA,85249,33.27629533,-111.7890485,Male,Organic
441,ROBERT LILES,30,Scottsdale,Arizona,USA,85250,33.5153825,-111.8770268,Male,Search
442,GARY CONN,12,Scottsdale,Arizona,USA,85251,33.44104759,-111.7870689,Male,Facebook
443,CARY WILLIAMS,54,Scottsdale,Arizona,USA,85251,33.45012236,-111.8037623,Male,Organic
444,MICHEAL RODRIGUEZ,43,Scottsdale,Arizona,USA,85251,33.44540618,-111.8247423,Male,Organic
445,EDWARD OPITZ,57,Scottsdale,Arizona,USA,85252,33.46502142,-111.8611894,Male,Organic
446,DARREL GRITTON,12,Scottsdale,Arizona,USA,85252,33.53230547,-111.88504,Male,Search
447,JOHN FRANCIS,37,Paradise Valley,Arizona,USA,85253,33.36332519,-111.9572759,Male,Facebook
448,JAMES BURROWS,16,Paradise Valley,Arizona,USA,85253,33.35862431,-111.9635523,Male,Email
449,DAVID DURKEE,41,Paradise Valley,Arizona,USA,85253,33.36543477,-111.9707599,Male,Organic
450,RICHARD SMITH,56,Paradise Valley,Arizona,USA,85253,33.36864095,-111.9544634,Male,Search
451,JEFFREY GUERIN,12,Scottsdale,Arizona,USA,85254,33.47073417,-111.8656884,Male,Facebook
452,GREGORY CALHOUN,27,Scottsdale,Arizona,USA,85254,33.48468956,-111.837575,Male,Email
453,JAMES BARLOW,47,Scottsdale,Arizona,USA,85254,33.46737618,-111.8652327,Male,Facebook
454,RONALD PUENTE,63,Scottsdale,Arizona,USA,85254,33.45703855,-111.8644748,Male,Organic
455,STEVEN SHOEMAKER,49,Scottsdale,Arizona,USA,85254,33.4998043,-111.8095611,Male,Display
456,TRACY BROWNING,52,Scottsdale,Arizona,USA,85255,33.2711098,-112.2023256,Male,Search
457,LEROY CARROLL,48,Scottsdale,Arizona,USA,85255,33.29277075,-112.2071666,Male,Display
458,DAVID HELMS,62,Scottsdale,Arizona,USA,85255,33.28304316,-112.2191738,Male,Organic
459,BENJAMIN SWINDLE,12,Scottsdale,Arizona,USA,85255,33.27324743,-112.1572232,Male,Search
460,WAYNE CAROLINA,51,Scottsdale,Arizona,USA,85255,33.24084242,-112.1943959,Male,Organic
461,JAMES WELSH,37,Scottsdale,Arizona,USA,85256,33.53552777,-111.830056,Male,Display
462,CLAUDE HARRIS,33,Scottsdale,Arizona,USA,85256,33.49535231,-111.8192579,Male,Search
463,MARVIN SHAW,39,Scottsdale,Arizona,USA,85257,33.47578622,-111.9298038,Male,Organic
464,JOHN RANDOLPH,34,Scottsdale,Arizona,USA,85257,33.46392771,-111.911651,Male,Facebook
465,ANTHONY MIDDLETON,14,Scottsdale,Arizona,USA,85257,33.4766909,-111.8698011,Male,Organic
466,REX MCMILLAN,51,Scottsdale,Arizona,USA,85257,33.43421573,-111.9217967,Male,Search
467,SANTO GOMEZ,68,Scottsdale,Arizona,USA,85258,33.56284664,-111.8869855,Male,Organic
468,JOHN GALLEGOS,26,Scottsdale,Arizona,USA,85258,33.53332332,-111.8808069,Male,Display
469,LEONARDO COLLINS,54,Scottsdale,Arizona,USA,85258,33.52963997,-111.8824223,Male,Email
470,DANIEL HOEPPNER,54,Scottsdale,Arizona,USA,85259,33.30507577,-112.1620468,Male,Search
471,BRUCE CHADWICK,22,Scottsdale,Arizona,USA,85259,33.28721728,-112.2125203,Male,Organic
472,KARL FRANK,51,Scottsdale,Arizona,USA,85259,33.29975066,-112.1707241,Male,Search
473,KENNETH JOHNSON,54,Scottsdale,Arizona,USA,85260,33.27819945,-112.1670746,Male,Display
474,PAUL MILLER,14,Scottsdale,Arizona,USA,85260,33.28396209,-112.1739716,Male,Organic
475,RICK BELL,26,Scottsdale,Arizona,USA,85260,33.24956602,-112.1857869,Male,Organic
476,PAUL JONES,12,Scottsdale,Arizona,USA,85261,33.25784753,-112.1859615,Male,Organic
477,ESTEBAN TERRY,42,Scottsdale,Arizona,USA,85261,33.24378173,-112.189387,Male,Search
478,EMIL JOHNSON,64,Scottsdale,Arizona,USA,85261,33.25707183,-112.1639232,Male,Organic
479,CARL CLAWSON,39,Scottsdale,Arizona,USA,85262,33.39628281,-111.9031361,Male,Facebook
480,MICHAEL AGAN,12,Scottsdale,Arizona,USA,85262,33.37287172,-111.9039077,Male,Organic
481,MICHEAL SEGURA,22,Scottsdale,Arizona,USA,85262,33.43506185,-111.9337161,Male,Facebook
482,KEVIN DUNAWAY,58,Scottsdale,Arizona,USA,85262,33.39564262,-111.9115777,Male,Organic
483,KEVIN DAUGHERTY,16,Scottsdale,Arizona,USA,85262,33.38935762,-111.9248211,Male,Search
484,SCOTT GANNON,39,Scottsdale,Arizona,USA,85262,33.3940433,-111.9066362,Male,Email
485,MARCEL TOBEY,16,Scottsdale,Arizona,USA,85266,33.28309059,-112.2074095,Male,Search
486,DANNY HARRISON,46,Scottsdale,Arizona,USA,85266,33.30534489,-112.2003518,Male,Email
487,SAMUEL KAHL,39,Scottsdale,Arizona,USA,85266,33.29802338,-112.1726427,Male,Organic
488,CARL DADDARIO,14,Scottsdale,Arizona,USA,85266,33.27528403,-112.2187881,Male,Organic
489,CURTIS LOWERY,85,Scottsdale,Arizona,USA,85266,33.29443389,-112.2176285,Male,Organic
490,SCOTT HAUN,46,Scottsdale,Arizona,USA,85266,33.29218552,-112.2201951,Male,Search
491,GLENN MILLER,63,Scottsdale,Arizona,USA,85267,33.29483478,-112.1994888,Male,Search
492,EDDIE CLACK,47,Scottsdale,Arizona,USA,85267,33.26649831,-112.1853734,Male,Organic
493,MARC SILVA,32,Fountain Hills,Arizona,USA,85268,33.29379263,-112.1535058,Male,Organic
494,ALLAN BANK,12,Fountain Hills,Arizona,USA,85268,33.27864109,-112.1531847,Male,Organic
495,NATHAN WILKS,49,Fountain Hills,Arizona,USA,85268,33.30783058,-112.2014772,Male,Organic
496,NOBLE WILLIAMS,52,Fountain Hills,Arizona,USA,85269,33.27266594,-112.1710975,Male,Organic
497,JOHN GRAY,37,Fountain Hills,Arizona,USA,85269,33.27683301,-112.2001887,Male,Search
498,TIM HALL,14,Mesa,Arizona,USA,85274,33.30639489,-112.1700318,Male,Email
499,FRED ROBERTS,14,Mesa,Arizona,USA,85274,33.26480523,-112.1521715,Male,Display
500,QUINCY MOLINA,46,Mesa,Arizona,USA,85274,33.24521552,-112.1652503,Male,Display
501,KASEY MARTINEZ,31,Mesa,Arizona,USA,85274,33.29447723,-112.2112863,Male,Organic
502,RYAN PERKINS,80,Mesa,Arizona,USA,85274,33.24513349,-112.2008299,Male,Search
503,FRED JAMES,12,Mesa,Arizona,USA,85275,33.30515026,-112.1883633,Male,Organic
504,DANIEL BRICKER,71,Mesa,Arizona,USA,85275,33.28996347,-112.2031713,Male,Facebook
505,TUAN TINKHAM,25,Mesa,Arizona,USA,85275,33.24946919,-112.2059573,Male,Search
506,LARRY SALINAS,36,Mesa,Arizona,USA,85275,33.30818285,-112.2153476,Male,Facebook
507,MICHAEL MCMAHAN,16,Mesa,Arizona,USA,85275,33.29519903,-112.176744,Male,Search
508,BRIAN HARTING,54,Mesa,Arizona,USA,85277,33.26663439,-112.1618675,Male,Organic
509,LEONARD CARLSON,74,Mesa,Arizona,USA,85277,33.24729003,-112.1770316,Male,Organic
510,HOWARD ANDERSEN,16,Mesa,Arizona,USA,85277,33.30529224,-112.2114116,Male,Facebook
511,BILL PLAYER,36,Mesa,Arizona,USA,85277,33.30142876,-112.1708059,Male,Organic
512,CARL KUHN,43,Tempe,Arizona,USA,85280,33.42863157,-111.957597,Male,Search
513,WILLIS CHAMBERLAIN,37,Tempe,Arizona,USA,85280,33.42469232,-111.9471822,Male,Search
514,JUSTIN GREGORY,51,Tempe,Arizona,USA,85281,33.4451661,-111.897061,Male,Organic
515,CHARLES ABEYTA,56,Tempe,Arizona,USA,85281,33.41558091,-111.9012718,Male,Search
516,RONALD POWELL,16,Tempe,Arizona,USA,85281,33.46102138,-111.8923852,Male,Organic
517,DANIEL ANDREAS,59,Tempe,Arizona,USA,85281,33.41271089,-111.9499678,Male,Email
518,JOSE NAVARRO,27,Tempe,Arizona,USA,85282,33.42142497,-111.9409588,Male,Search
519,MATTHEW HARMON,16,Tempe,Arizona,USA,85283,33.40522295,-111.9060483,Male,Facebook
520,DANIEL FIELDS,14,Tempe,Arizona,USA,85283,33.348839,-111.9054756,Male,Organic
521,FRANCISCO MEADER,53,Tempe,Arizona,USA,85283,33.35884376,-111.8447253,Male,Organic
522,ENRIQUE NAGAO,42,Tempe,Arizona,USA,85283,33.35004557,-111.8431385,Male,Organic
523,MANUEL STITES,39,Tempe,Arizona,USA,85283,33.40926191,-111.9017656,Male,Search
524,VALENTINE HUDGINS,44,Tempe,Arizona,USA,85283,33.36091554,-111.881019,Male,Organic
525,PABLO KROEGER,16,Tempe,Arizona,USA,85283,33.37031282,-111.9084788,Male,Facebook
526,CRAIG BULLOCK,16,Tempe,Arizona,USA,85283,33.35378131,-111.8953341,Male,Search
527,JEFFREY RODRIGUEZ,57,Tempe,Arizona,USA,85283,33.40277475,-111.9043468,Male,Organic
528,JAIME REES,64,Tempe,Arizona,USA,85284,33.32851564,-111.8932273,Male,Email
529,DANIEL BARAN,54,Tempe,Arizona,USA,85284,33.37442082,-111.8889323,Male,Facebook
530,KEITH DOUGLAS,16,Tempe,Arizona,USA,85284,33.30923932,-111.913946,Male,Organic
531,PATRICK ROBINSON,23,Tempe,Arizona,USA,85284,33.34986777,-111.9000994,Male,Facebook
532,JAMES JONES,76,Tempe,Arizona,USA,85284,33.373945,-111.9138556,Male,Organic
533,JUAN BILLINGS,12,Tempe,Arizona,USA,85285,33.25318421,-112.1669171,Male,Search
534,ANDREW HARRIS,47,Tempe,Arizona,USA,85285,33.25929012,-112.1887453,Male,Organic
535,JOSEPH BALLARD,14,Tempe,Arizona,USA,85285,33.2863882,-112.21578,Male,Organic
536,ALVIN YANEZ,47,Tempe,Arizona,USA,85285,33.25403031,-112.1841002,Male,Organic
537,MATTHEW WADE,48,Tempe,Arizona,USA,85285,33.26405965,-112.2039243,Male,Email
538,CHARLES TUCKER,16,Tempe,Arizona,USA,85285,33.28635196,-112.200186,Male,Facebook
539,ZACHARY MORRIS,12,Tempe,Arizona,USA,85285,33.27445891,-112.1632298,Male,Search
540,JIM ELDRIDGE,16,Tempe,Arizona,USA,85287,33.39966425,-111.9456727,Male,Search
541,DAVID PATTERSON,36,Tempe,Arizona,USA,85287,33.45928974,-111.9616153,Male,Search
542,SCOTT REYES,12,Tempe,Arizona,USA,85287,33.40924922,-111.9030595,Male,Organic
543,WILLIAM NEALON,57,Tempe,Arizona,USA,85287,33.428064,-111.9446376,Male,Organic
544,CLYDE HARRIS,12,Tempe,Arizona,USA,85287,33.40580038,-111.9083672,Male,Search
545,DAVID MCCALL,20,Tempe,Arizona,USA,85287,33.41568549,-111.950774,Male,Organic
546,TY KELTNER,16,Tempe,Arizona,USA,85287,33.39946298,-111.9578176,Male,Search
547,JOHNNIE TABOR,51,Tempe,Arizona,USA,85287,33.4195772,-111.9081888,Male,Organic
548,GERARD MANCINI,46,Gilbert,Arizona,USA,85296,33.29949819,-111.7403063,Male,Organic
549,JOSE QUACKENBUSH,33,Gilbert,Arizona,USA,85296,33.33878201,-111.7129532,Male,Organic
550,BRODERICK BELANGER,16,Gilbert,Arizona,USA,85296,33.29381784,-111.7165205,Male,Organic
551,CARLOS SCHROEDER,58,Gilbert,Arizona,USA,85296,33.29495646,-111.7418587,Male,Organic
552,LESTER GONSALVES,39,Gilbert,Arizona,USA,85296,33.33741823,-111.7587605,Male,Email
553,MANUEL MICKEY,30,Gilbert,Arizona,USA,85296,33.3348566,-111.7183052,Male,Email
554,JAMES HANLEY,12,Gilbert,Arizona,USA,85296,33.31990673,-111.7263932,Male,Search
555,ERNEST SHAWVER,49,Gilbert,Arizona,USA,85296,33.30228963,-111.7204887,Male,Search
556,DONALD BEAUDRY,12,Gilbert,Arizona,USA,85296,33.30897861,-111.7657442,Male,Email
557,BARRY ADKINS,12,Gilbert,Arizona,USA,85296,33.33602686,-111.741556,Male,Organic
558,KIETH EVANS,36,Gilbert,Arizona,USA,85296,33.28581299,-111.7171381,Male,Organic
559,ARNOLD SMITH,14,Glendale,Arizona,USA,85301,33.26941511,-112.2134413,Male,Facebook
560,PAUL JOHNSON,58,Glendale,Arizona,USA,85301,33.27182155,-112.15322,Male,Organic
561,RUDOLPH SKINNER,84,Glendale,Arizona,USA,85301,33.2859554,-112.1796604,Male,Organic
562,ANDREW LENARD,47,Glendale,Arizona,USA,85301,33.28643177,-112.152702,Male,Email
563,GLENN ROBERTSON,31,Glendale,Arizona,USA,85301,33.2657266,-112.1555432,Male,Display
564,JAMES LOUIS,16,Glendale,Arizona,USA,85302,33.26303105,-112.1561284,Male,Organic
565,RAYMOND MORENO,42,Glendale,Arizona,USA,85302,33.29646605,-112.1605623,Male,Organic
566,STEPHEN MORALES,89,Glendale,Arizona,USA,85302,33.27831769,-112.1971808,Male,Search
567,TYRON GALVAN,64,Glendale,Arizona,USA,85303,33.27727323,-112.1979161,Male,Organic
568,CRAIG FREEMAN,47,Glendale,Arizona,USA,85303,33.25091495,-112.1551154,Male,Search
569,DESHAWN HAHN,44,Glendale,Arizona,USA,85303,33.30074303,-112.1637112,Male,Organic
570,WILLIAM CHAPMAN,16,Glendale,Arizona,USA,85303,33.26922747,-112.1572437,Male,Organic
571,OWEN SCHWARTZ,21,Glendale,Arizona,USA,85304,33.27514011,-112.1853896,Male,Email
572,MATTHEW BRACY,31,Glendale,Arizona,USA,85304,33.276718,-112.1889389,Male,Organic
573,DAVID OROZCO,16,Glendale,Arizona,USA,85304,33.28617921,-112.2141344,Male,Facebook
574,PHILLIP CARTER,38,Glendale,Arizona,USA,85304,33.30276385,-112.2044296,Male,Facebook
575,JAKE SMITH,37,Glendale,Arizona,USA,85304,33.283917,-112.193283,Male,Facebook
576,JOHN SIZEMORE,53,Glendale,Arizona,USA,85304,33.24201623,-112.1959726,Male,Organic
577,DONALD CARMICHAEL,39,Glendale,Arizona,USA,85305,33.28921029,-112.1534201,Male,Email
578,CHRIS SMITH,57,Glendale,Arizona,USA,85305,33.27980313,-112.2197781,Male,Search
579,JAMIE HAYES,64,Glendale,Arizona,USA,85306,33.27008969,-112.162296,Male,Organic
580,RODERICK FOSTER,29,Glendale,Arizona,USA,85306,33.24638889,-112.1719408,Male,Search
581,JASON THOMAS,39,Glendale,Arizona,USA,85307,33.28063858,-112.1611242,Male,Search
582,FREDDIE DENNIS,14,Glendale,Arizona,USA,85307,33.28142304,-112.2085625,Male,Organic
583,JAMES MENZEL,47,Glendale,Arizona,USA,85307,33.30482066,-112.2061915,Male,Organic
584,PETER WILSON,53,Glendale,Arizona,USA,85307,33.2789089,-112.2084477,Male,Facebook
585,WALLACE SPRINGER,48,Glendale,Arizona,USA,85308,33.27779375,-112.1566599,Male,Organic
586,GEORGE DUNN,47,Glendale,Arizona,USA,85308,33.29284136,-112.1530996,Male,Organic
587,ROBERT HOFFER,47,Glendale,Arizona,USA,85308,33.24750397,-112.1571236,Male,Organic
588,VINCENT HINTON,85,Glendale,Arizona,USA,85308,33.30923414,-112.2105836,Male,Organic
589,CHARLES LOPEZ,44,Glendale,Arizona,USA,85308,33.30772444,-112.1832793,Male,Organic
590,KEVIN ARREGUIN,48,Glendale,Arizona,USA,85308,33.26593849,-112.1806054,Male,Search
591,ESTEBAN HANCOCK,38,Glendale,Arizona,USA,85310,33.29239377,-112.1764074,Male,Email
592,ANTONIO JETT,38,Glendale,Arizona,USA,85310,33.24463217,-112.1811114,Male,Organic
593,WILLIAM LOFGREN,47,Glendale,Arizona,USA,85310,33.25212703,-112.1894151,Male,Organic
594,DAVID MORSE,56,Glendale,Arizona,USA,85312,33.30082545,-112.1589147,Male,Email
595,LEROY WILLIAMS,16,Glendale,Arizona,USA,85312,33.24205685,-112.1791877,Male,Organic
596,LAWRENCE COLEMAN,49,Glendale,Arizona,USA,85312,33.26218338,-112.2209606,Male,Search
597,JACK LUM,43,Glendale,Arizona,USA,85312,33.29149853,-112.1810416,Male,Search
598,JOHN TAYLOR,12,Glendale,Arizona,USA,85312,33.28383337,-112.2218021,Male,Organic
599,KENNETH LANDIS,49,Glendale,Arizona,USA,85312,33.28675468,-112.1572564,Male,Organic
600,CHRISTOPHER GARRARD,16,Glendale,Arizona,USA,85312,33.29473383,-112.2056376,Male,Organic
601,KEVIN COATES,72,Glendale,Arizona,USA,85313,33.25587927,-112.1589794,Male,Organic
602,STEVEN GOSSETT,43,Glendale,Arizona,USA,85318,33.24409359,-112.2040484,Male,Search
603,CARLOS YOUNG,16,Glendale,Arizona,USA,85318,33.28603472,-112.1624369,Male,Organic
604,JOHN MENDEZ,14,Glendale,Arizona,USA,85318,33.27856923,-112.187355,Male,Search
605,ERIC RODRIGUES,38,Glendale,Arizona,USA,85318,33.24451434,-112.1993759,Male,Organic
606,HENRY COTTON,38,Glendale,Arizona,USA,85318,33.25811795,-112.2043118,Male,Organic
607,TIMOTHY CUNNINGHAM,42,Avondale,Arizona,USA,85323,33.28376229,-112.1839362,Male,Organic
608,ALBERT WILSON,36,Avondale,Arizona,USA,85323,33.27544322,-112.178775,Male,Search
609,CHAD MILLER,59,Avondale,Arizona,USA,85323,33.28521889,-112.1844515,Male,Facebook
610,DOUGLAS LYONS,37,Avondale,Arizona,USA,85323,33.28152637,-112.1907835,Male,Search
611,TED TOLEDO,12,Avondale,Arizona,USA,85323,33.27396746,-112.1875026,Male,Organic
612,RAYMOND COLVIN,49,Avondale,Arizona,USA,85323,33.27363693,-112.1890832,Male,Search
613,DWIGHT HOPPER,24,Avondale,Arizona,USA,85323,33.2709332,-112.1936308,Male,Organic
614,JOHN PAGE,100,Avondale,Arizona,USA,85323,33.27081363,-112.1842335,Male,Search
615,FELIX HANCE,16,Avondale,Arizona,USA,85323,33.27775245,-112.18954,Male,Search
616,WILLIAM GONZALES,47,Avondale,Arizona,USA,85323,33.27506719,-112.1904729,Male,Organic
617,FORREST MOORE,12,Avondale,Arizona,USA,85323,33.27896849,-112.1821233,Male,Organic
618,JAMES FOOS,53,Avondale,Arizona,USA,85323,33.28156293,-112.1928492,Male,Facebook
619,ROBERT MCKEE,58,Avondale,Arizona,USA,85323,33.28011547,-112.1787188,Male,Display
620,SCOTT PERZ,36,Avondale,Arizona,USA,85323,33.27953746,-112.1872899,Male,Organic
621,LEON MAGGARD,36,Avondale,Arizona,USA,85323,33.27080782,-112.1784641,Male,Organic
622,JOEY PALMER,73,Avondale,Arizona,USA,85323,33.28170832,-112.1945784,Male,Facebook
623,DONALD SOTO,54,Avondale,Arizona,USA,85323,33.2738462,-112.1920676,Male,Facebook
624,ALBERT SCOTT,63,Avondale,Arizona,USA,85323,33.26783189,-112.1938877,Male,Search
625,KEVIN REUTER,31,Avondale,Arizona,USA,85323,33.2693318,-112.1924362,Male,Organic
626,DEREK REAMES,56,Avondale,Arizona,USA,85323,33.28428396,-112.1857745,Male,Email
627,RANDY OGILVIE,44,Avondale,Arizona,USA,85323,33.27410303,-112.1847492,Male,Display
628,JOSEPH HARRIS,24,Avondale,Arizona,USA,85323,33.28278177,-112.1920466,Male,Organic
629,RONALD WILLIAM,43,Buckeye,Arizona,USA,85326,33.28267175,-112.1844503,Male,Search
630,NATHANIEL LEWIS,42,Buckeye,Arizona,USA,85326,33.26821229,-112.1872884,Male,Organic
631,JAMES ECKERT,16,Buckeye,Arizona,USA,85326,33.27135823,-112.1876748,Male,Search
632,REYNALDO BALKE,64,Buckeye,Arizona,USA,85326,33.28510219,-112.1813938,Male,Organic
633,LEROY MOYA,71,Buckeye,Arizona,USA,85326,33.28172664,-112.1876314,Male,Facebook
634,DARYL PRYOR,18,El Mirage,Arizona,USA,85335,33.27834828,-112.1831982,Male,Facebook
635,ROBERT BRINDLE,38,El Mirage,Arizona,USA,85335,33.2789154,-112.1889693,Male,Organic
636,NICHOLAS DYSON,44,El Mirage,Arizona,USA,85335,33.27964386,-112.1908827,Male,Display
637,CHARLES ADAMS,16,El Mirage,Arizona,USA,85335,33.2695596,-112.1792757,Male,Search
638,RICHARD DRAKE,57,El Mirage,Arizona,USA,85335,33.28165741,-112.1848693,Male,Facebook
639,BRIAN TULLER,36,El Mirage,Arizona,USA,85335,33.28067662,-112.1917748,Male,Display
640,BOBBY MARTIN,57,El Mirage,Arizona,USA,85335,33.26983311,-112.1869676,Male,Organic
641,TODD ESCALANTE,46,El Mirage,Arizona,USA,85335,33.28182749,-112.1853505,Male,Facebook
642,THOMAS PHILLIPS,59,El Mirage,Arizona,USA,85335,33.26759471,-112.1916371,Male,Search
643,IGNACIO GILMORE,26,El Mirage,Arizona,USA,85335,33.28020665,-112.1862302,Male,Email
644,CHRISTOPHER JOHNSON,12,Gila Bend,Arizona,USA,85337,33.2802991,-112.1818357,Male,Search
645,JOSEPH SANDERS,56,Goodyear,Arizona,USA,85338,33.27484649,-112.1795564,Male,Search
646,BLAKE KOCH,46,Goodyear,Arizona,USA,85338,33.28295397,-112.1898001,Male,Organic
647,EDISON CHRISTIAN,16,Goodyear,Arizona,USA,85338,33.27092926,-112.1940079,Male,Organic
648,HENRY WERNER,36,Goodyear,Arizona,USA,85338,33.27530257,-112.1909042,Male,Search
649,EDWIN WILLIAMS,53,Goodyear,Arizona,USA,85338,33.26833585,-112.1838618,Male,Email
650,ALVIN HAMPTON,23,Goodyear,Arizona,USA,85338,33.27296764,-112.1845105,Male,Organic
651,PETER JOHNSON,58,Goodyear,Arizona,USA,85338,33.26759188,-112.1804228,Male,Facebook
652,WENDELL GUERRERO,12,Goodyear,Arizona,USA,85338,33.27909465,-112.1809602,Male,Facebook
653,WILLIAM KAMM,42,Goodyear,Arizona,USA,85338,33.27611779,-112.1866086,Male,Organic
654,WILLIE DECASTRO,52,Goodyear,Arizona,USA,85338,33.27045554,-112.1933774,Male,Organic
655,CARLOS KEY,34,Goodyear,Arizona,USA,85338,33.28347609,-112.1909048,Male,Organic
656,PATRICK DRESSLER,54,Goodyear,Arizona,USA,85338,33.26915964,-112.1885712,Male,Organic
657,JAMES BROWN,73,Goodyear,Arizona,USA,85338,33.27482272,-112.1834921,Male,Facebook
658,SAM BAILEY,46,Litchfield Park,Arizona,USA,85340,33.2784545,-112.1893358,Male,Facebook
659,JOHN RAY,61,Litchfield Park,Arizona,USA,85340,33.28261231,-112.19116,Male,Organic
660,MATTHEW MANN,63,Litchfield Park,Arizona,USA,85340,33.27499422,-112.1867519,Male,Organic
661,JASON RICHMAN,63,Parker,Arizona,USA,85344,33.97195363,-114.2619538,Male,Search
662,ROBERT BERNAL,16,Peoria,Arizona,USA,85345,33.27804884,-112.1649488,Male,Organic
663,HENRY HIDALGO,70,Peoria,Arizona,USA,85345,33.2838115,-112.1576005,Male,Search
664,JEFFREY SCHROEDER,57,Peoria,Arizona,USA,85345,33.2523919,-112.187948,Male,Organic
665,JOSEPH CALLOWAY,38,Peoria,Arizona,USA,85345,33.24890274,-112.2065757,Male,Email
666,LAUREN SCOTT,63,Peoria,Arizona,USA,85345,33.26501333,-112.1521248,Male,Organic
667,BRUCE MCCARTHY,12,Peoria,Arizona,USA,85345,33.28678911,-112.1832933,Male,Display
668,JOSHUA MCKINNIE,52,Peoria,Arizona,USA,85345,33.28771151,-112.1913791,Male,Search
669,GEORGE LIN,53,Peoria,Arizona,USA,85345,33.27107569,-112.1524863,Male,Organic
670,NICOLAS DOWNING,16,Peoria,Arizona,USA,85345,33.31087666,-112.1961073,Male,Facebook
671,KENNETH STEINBACH,46,Peoria,Arizona,USA,85345,33.26429279,-112.1885803,Male,Search
672,SHAUN MCWILLIAMS,16,San Luis,Arizona,USA,85349,32.54483676,-114.7590669,Male,Organic
673,JAMES LEE,47,San Luis,Arizona,USA,85349,32.54299834,-114.7511954,Male,Email
674,ROBERT ORNELAS,46,San Luis,Arizona,USA,85349,32.54389284,-114.7545695,Male,Organic
675,MICHAEL BROWN,44,San Luis,Arizona,USA,85349,32.5331609,-114.7633076,Male,Organic
676,TONY WATSON,49,San Luis,Arizona,USA,85349,32.54191547,-114.7562183,Male,Search
677,CRAIG BACKMAN,68,San Luis,Arizona,USA,85349,32.54657226,-114.7576047,Male,Email
678,MICHAEL NELSON,16,Somerton,Arizona,USA,85350,32.61364515,-114.6079299,Male,Email
679,TIMOTHY EARL,43,Tolleson,Arizona,USA,85353,33.2694893,-112.1952011,Male,Facebook
680,GUY PALMER,14,Wellton,Arizona,USA,85356,32.68638391,-114.1578997,Male,Email
681,RICHARD NGUYEN,16,Quartzsite,Arizona,USA,85359,33.69022057,-114.2610749,Male,Organic
682,DAVID PETERSON,32,Youngtown,Arizona,USA,85363,33.26758653,-112.1914849,Male,Organic
683,CARLTON HALL,41,Youngtown,Arizona,USA,85363,33.27323328,-112.182295,Male,Search
684,JOSE DOOLITTLE,14,Yuma,Arizona,USA,85364,32.59625809,-114.62424,Male,Search
685,KEITH COLLINS,38,Yuma,Arizona,USA,85364,32.62876887,-114.6245429,Male,Facebook
686,MITCHELL WASHINGTON,24,Yuma,Arizona,USA,85364,32.62591957,-114.6397507,Male,Search
687,WILLIAM ROBERTS,27,Yuma,Arizona,USA,85365,32.69358984,-114.4913341,Male,Organic
688,WARREN GAMBLE,39,Yuma,Arizona,USA,85365,32.6733662,-114.5052446,Male,Display
689,MARSHALL REECE,89,Yuma,Arizona,USA,85365,32.7365195,-114.4634178,Male,Organic
690,WILLIAM SWEET,14,Yuma,Arizona,USA,85366,32.64566858,-114.636524,Male,Facebook
691,MICHAEL GUZMAN,14,Yuma,Arizona,USA,85366,32.62835317,-114.6343881,Male,Search
692,TIMOTHY BIRNEY,20,Yuma,Arizona,USA,85367,32.69148122,-114.4153154,Male,Organic
693,GLENN RICO,46,Yuma,Arizona,USA,85369,32.7849927,-114.1077775,Male,Search
694,CHRISTOPHER EDDINGS,78,Yuma,Arizona,USA,85369,32.78583366,-114.0426885,Male,Organic
695,ROGER LAMB,68,Yuma,Arizona,USA,85369,32.72475072,-114.0392551,Male,Facebook
696,ALFREDO LEE,16,Surprise,Arizona,USA,85374,33.26966327,-112.1730266,Male,Email
697,BRIAN HART,52,Surprise,Arizona,USA,85378,33.29997502,-112.1637285,Male,Organic
698,NICOLAS MORGAN,48,Surprise,Arizona,USA,85378,33.26172418,-112.2062832,Male,Email
699,ERNEST MUNDEN,73,Surprise,Arizona,USA,85378,33.24670791,-112.1852412,Male,Search
700,DAVID STOKES,16,Surprise,Arizona,USA,85378,33.27310305,-112.1954897,Male,Search
701,JOE HOUSTON,12,Surprise,Arizona,USA,85378,33.26553655,-112.1992145,Male,Organic
702,TY BARTON,42,Surprise,Arizona,USA,85378,33.24842828,-112.2004726,Male,Organic
703,MICHAEL MORROW,58,Surprise,Arizona,USA,85378,33.29664016,-112.1969117,Male,Organic
704,DANIEL ANDERSEN,36,Surprise,Arizona,USA,85379,33.2942113,-112.1520512,Male,Display
705,ROBERT GORMLEY,16,Surprise,Arizona,USA,85379,33.25155393,-112.1664634,Male,Search
706,WILLIAM SIMMONS,25,Surprise,Arizona,USA,85379,33.25578326,-112.1569147,Male,Search
707,RONALD WILLIAMS,44,Peoria,Arizona,USA,85381,33.28091257,-112.1933682,Male,Organic
708,LANCE HENRY,44,Peoria,Arizona,USA,85381,33.286009,-112.178654,Male,Search
709,DANIEL DOMINGUEZ,30,Peoria,Arizona,USA,85381,33.24295638,-112.1867949,Male,Organic
710,CRAIG ESCAMILLA,16,Peoria,Arizona,USA,85381,33.2858662,-112.1529448,Male,Organic
711,WILLIAM WEST,54,Peoria,Arizona,USA,85381,33.24763454,-112.2186723,Male,Organic
712,JUSTIN COMSTOCK,66,Peoria,Arizona,USA,85381,33.27365589,-112.1772586,Male,Organic
713,JERRY LEWIS,85,Peoria,Arizona,USA,85381,33.24756003,-112.2034739,Male,Facebook
714,JEFFREY MCMAHON,16,Peoria,Arizona,USA,85381,33.26413662,-112.1690718,Male,Organic
715,ERNEST RAY,14,Peoria,Arizona,USA,85381,33.26429334,-112.1538821,Male,Facebook
716,MARIA JACKSON,37,Peoria,Arizona,USA,85381,33.28150567,-112.1714212,Male,Search
717,HARRY EASLEY,38,Peoria,Arizona,USA,85382,33.24643011,-112.1793647,Male,Search
718,RICHARD THOMPSON,44,Peoria,Arizona,USA,85382,33.29481879,-112.2220637,Male,Display
719,JAMES LIVINGSTON,38,Peoria,Arizona,USA,85382,33.24098219,-112.2228753,Male,Search
720,CARL SILVA,47,Peoria,Arizona,USA,85382,33.30998091,-112.1716125,Male,Organic
721,JAMES QUINONES,63,Peoria,Arizona,USA,85382,33.2678369,-112.1551956,Male,Organic
722,ANTWAN DANIELS,54,Peoria,Arizona,USA,85382,33.27462518,-112.1884098,Male,Organic
723,JOHN RAPP,54,Peoria,Arizona,USA,85382,33.28861852,-112.2080016,Male,Facebook
724,ROBERT NOEL,14,Peoria,Arizona,USA,85385,33.27282992,-112.2221193,Male,Facebook
725,CARL MORRISON,16,Peoria,Arizona,USA,85385,33.29215183,-112.1677176,Male,Search
726,DALLAS SALAMANCA,16,Peoria,Arizona,USA,85385,33.28456928,-112.2005227,Male,Search
727,WILLIE ROBERTSON,54,Peoria,Arizona,USA,85385,33.2921366,-112.164512,Male,Organic
728,STEVE LONGFELLOW,53,Peoria,Arizona,USA,85385,33.26209858,-112.1559506,Male,Organic
729,CHONG HOUCHENS,64,Peoria,Arizona,USA,85385,33.24883482,-112.2027839,Male,Search
730,HENRY MCGOWAN,38,Peoria,Arizona,USA,85385,33.30029259,-112.2030347,Male,Facebook
731,BRANDON FITZGIBBONS,38,Peoria,Arizona,USA,85385,33.24955006,-112.2084089,Male,Search
732,CHESTER HENDON,44,Peoria,Arizona,USA,85385,33.25030734,-112.1689858,Male,Organic
733,LEON KENNEDY,16,Peoria,Arizona,USA,85385,33.28344409,-112.1641161,Male,Search
734,CHARLES DURANT,39,Surprise,Arizona,USA,85387,33.26247545,-112.1733157,Male,Organic
735,JAMES SPATARO,32,Surprise,Arizona,USA,85387,33.28647229,-112.1714322,Male,Search
736,PRESTON BEYER,48,Surprise,Arizona,USA,85387,33.27139864,-112.2063844,Male,Display
737,JAMES CORNELIUS,14,Surprise,Arizona,USA,85387,33.29975455,-112.2032228,Male,Email
738,CHRISTOPHER LITTLE,16,Surprise,Arizona,USA,85387,33.28666502,-112.1541509,Male,Email
739,DOUGLAS LERCH,16,Surprise,Arizona,USA,85387,33.26889988,-112.2098325,Male,Organic
740,LARRY ROBINSON,59,Surprise,Arizona,USA,85387,33.26144914,-112.1704948,Male,Email
741,RENE FISHER,30,Globe,Arizona,USA,85501,33.47941998,-110.8595871,Male,Facebook
742,DAVID MORRIS,14,Globe,Arizona,USA,85501,33.48227504,-110.86008,Male,Search
743,MARK MILLS,25,Globe,Arizona,USA,85501,33.46801183,-110.8704862,Male,Organic
744,THOMAS SWAN,57,Globe,Arizona,USA,85501,33.4765078,-110.8662793,Male,Organic
745,JAMES CRAIG,37,Payson,Arizona,USA,85541,33.87017118,-111.0663339,Male,Organic
746,WAYNE MURPHY,16,Payson,Arizona,USA,85541,33.85996427,-111.0794574,Male,Facebook
747,ERWIN ZIMMERMAN,30,Safford,Arizona,USA,85548,32.76662577,-109.7561441,Male,Facebook
748,DANIEL GERRISH,62,Thatcher,Arizona,USA,85552,32.84428351,-109.751262,Male,Search
749,CALVIN BROOKSHIRE,41,Benson,Arizona,USA,85602,32.03352899,-110.2543273,Male,Search
750,ROBERT CANTU,14,Bisbee,Arizona,USA,85603,31.44789655,-109.8201201,Male,Email
751,MICHAEL PHILPOTT,39,Douglas,Arizona,USA,85607,31.63680192,-109.8734744,Male,Organic
752,TROY JOHNSON,53,Douglas,Arizona,USA,85607,31.57825319,-109.8940397,Male,Organic
753,MICHAEL FOSTER,39,Douglas,Arizona,USA,85607,31.57930461,-109.8789201,Male,Search
754,JOSEPH EVANS,58,Douglas,Arizona,USA,85608,31.38721135,-109.6145,Male,Organic
755,SHAWN GORDON,47,Douglas,Arizona,USA,85608,31.45004538,-109.6135158,Male,Organic
756,RALPH HOOSER,56,Nogales,Arizona,USA,85628,31.53464374,-110.894081,Male,Organic
757,MARK ATKINSON,39,Sahuarita,Arizona,USA,85629,31.93041055,-110.8900183,Male,Search
758,JOSEPH STREICHER,51,Sahuarita,Arizona,USA,85629,31.93361733,-110.9039277,Male,Organic
759,MARK PARSONS,61,Sahuarita,Arizona,USA,85629,31.93398978,-110.9032421,Male,Search
760,WILLARD RUDY,46,Sahuarita,Arizona,USA,85629,31.92479765,-110.891241,Male,Facebook
761,BOBBY FLEMING,43,Sierra Vista,Arizona,USA,85635,31.83567269,-110.0283638,Male,Facebook
762,JEFFREY GROSS,38,Sierra Vista,Arizona,USA,85636,31.64300167,-110.2573121,Male,Organic
763,GEORGE TAYLOR,16,Sierra Vista,Arizona,USA,85636,31.63438753,-110.247977,Male,Organic
764,THEODORE PHELAN,14,Sierra Vista,Arizona,USA,85636,31.67900002,-110.2763873,Male,Organic
765,ARTHUR CANNON,37,Sierra Vista,Arizona,USA,85636,31.65494107,-110.2616667,Male,Organic
766,ERIN GASKINS,16,Sierra Vista,Arizona,USA,85636,31.6665137,-110.2500215,Male,Facebook
767,GUS MATTHEWS,26,Marana,Arizona,USA,85653,32.43529518,-111.165823,Male,Organic
768,DAVID ALLEN,37,Marana,Arizona,USA,85653,32.43500857,-111.1515318,Male,Facebook
769,DONALD SANCHEZ,24,Marana,Arizona,USA,85653,32.44803485,-111.1568097,Male,Facebook
770,GLEN COX,46,Marana,Arizona,USA,85653,32.43798953,-111.1552396,Male,Organic
771,THOMAS PARSONS,12,Marana,Arizona,USA,85653,32.44641819,-111.158949,Male,Email
772,JEFFREY EVANS,27,Marana,Arizona,USA,85653,32.43698575,-111.1557383,Male,Organic
773,ANDREW HINER,20,Marana,Arizona,USA,85653,32.44826817,-111.1608628,Male,Search
774,PHILLIP ROSEN,29,Nogales,Arizona,USA,85662,31.51209927,-110.9159153,Male,Organic
775,THOMAS FORREST,16,Sierra Vista,Arizona,USA,85671,31.8970375,-109.7357819,Male,Facebook
776,JOHN COOK,66,Tucson,Arizona,USA,85701,32.25151884,-110.9382199,Male,Organic
777,CHRISTOPHER ROACH,63,Tucson,Arizona,USA,85701,32.2467524,-110.9952974,Male,Email
778,RONALD NELSON,21,Tucson,Arizona,USA,85702,31.99734941,-111.8927084,Male,Facebook
779,STANLEY HOGAN,36,Tucson,Arizona,USA,85702,31.98680371,-111.8867565,Male,Organic
780,JEFFREY PAVONE,46,Tucson,Arizona,USA,85703,31.94757779,-111.9192934,Male,Organic
781,JOSEPH CHUNG,12,Tucson,Arizona,USA,85703,31.99930749,-111.9146318,Male,Organic
782,KEVIN STEIN,28,Tucson,Arizona,USA,85703,31.98591838,-111.910699,Male,Organic
783,ROBERT HARPER,41,Tucson,Arizona,USA,85703,32.00263298,-111.9171724,Male,Organic
784,RICHARD BECKETT,16,Tucson,Arizona,USA,85704,32.40789118,-111.1109758,Male,Search
785,STEVEN OAKS,37,Tucson,Arizona,USA,85704,32.38286009,-111.0731615,Male,Facebook
786,BRAIN SCHNEIDER,16,Tucson,Arizona,USA,85704,32.40237832,-111.1291655,Male,Organic
787,JAMES CALDWELL,44,Tucson,Arizona,USA,85704,32.36725915,-111.0747451,Male,Display
788,MAURICE BECKER,16,Tucson,Arizona,USA,85704,32.36092623,-111.0936042,Male,Organic
789,ALLEN GOLDSMITH,49,Tucson,Arizona,USA,85705,32.30293595,-110.8709359,Male,Search
790,CHARLES PEREZ,62,Tucson,Arizona,USA,85705,32.29188975,-110.9215523,Male,Email
791,PERRY THORPE,12,Tucson,Arizona,USA,85705,32.26402223,-110.893396,Male,Organic
792,CLAYTON FEHR,14,Tucson,Arizona,USA,85705,32.29149164,-110.8913894,Male,Email
793,JOHN DOWNS,12,Tucson,Arizona,USA,85706,32.12366686,-110.8977022,Male,Facebook
794,ANTHONY JONES,31,Tucson,Arizona,USA,85706,32.0856142,-110.8714279,Male,Search
795,MICHAEL IRIZARRY,61,Tucson,Arizona,USA,85706,32.07147462,-110.898959,Male,Organic
796,JERRY BANNISTER,36,Tucson,Arizona,USA,85707,32.15533665,-110.857329,Male,Organic
797,LARRY GRAHAM,51,Tucson,Arizona,USA,85707,32.19556282,-110.9035099,Male,Search
798,MARK SWADER,29,Tucson,Arizona,USA,85710,32.19718181,-110.7752304,Male,Email
799,HUGH LONG,53,Tucson,Arizona,USA,85710,32.20829845,-110.7876244,Male,Search
800,DANIEL NAGLE,51,Tucson,Arizona,USA,85710,32.19702571,-110.7994921,Male,Facebook
801,ROBERT WHIDDON,12,Tucson,Arizona,USA,85710,32.23135484,-110.8093045,Male,Email
802,RICHARD GORDON,48,Tucson,Arizona,USA,85710,32.23649328,-110.8053103,Male,Organic
803,DON BUSCH,39,Tucson,Arizona,USA,85711,32.18231345,-110.8533065,Male,Search
804,BRIAN OWENS,42,Tucson,Arizona,USA,85711,32.21779649,-110.8850395,Male,Organic
805,EUGENE ANDERSON,54,Tucson,Arizona,USA,85712,32.22608509,-110.9061691,Male,Search
806,WM WHITE,43,Tucson,Arizona,USA,85713,32.19322285,-110.9223166,Male,Organic
807,SHAWN NGUYEN,52,Tucson,Arizona,USA,85713,32.20164826,-110.9523341,Male,Search
808,GLENN HALL,42,Tucson,Arizona,USA,85714,32.11403842,-110.9279037,Male,Search
809,GEORGE LOPEZ,16,Tucson,Arizona,USA,85715,32.28325946,-110.8014823,Male,Organic
810,PAUL ROLFES,20,Tucson,Arizona,USA,85716,32.22396282,-110.8893414,Male,Display
811,PAUL LAI,14,Tucson,Arizona,USA,85716,32.21561281,-110.948881,Male,Organic
812,STEVEN VARGAS,12,Tucson,Arizona,USA,85716,32.2135433,-110.8876166,Male,Organic
813,JOSEPH HANSON,39,Tucson,Arizona,USA,85717,32.00511192,-111.9028104,Male,Organic
814,DAVID SCOTT,19,Tucson,Arizona,USA,85718,32.28285094,-110.9030078,Male,Organic
815,GREGORY BELANGER,54,Tucson,Arizona,USA,85718,32.28462768,-110.9074528,Male,Email
816,JESUS WILLIAMS,12,Tucson,Arizona,USA,85718,32.27978415,-110.9430201,Male,Organic
817,ERIC CARNAHAN,41,Tucson,Arizona,USA,85719,32.27212254,-110.9339278,Male,Search
818,JOHN CARLSON,42,Tucson,Arizona,USA,85724,32.23427784,-110.9086721,Male,Organic
819,HUGH DARRAH,38,Tucson,Arizona,USA,85724,32.21308244,-110.9506501,Male,Facebook
820,NEAL STEVEN,19,Tucson,Arizona,USA,85726,32.16691926,-110.9494891,Male,Search
821,CHARLES SAUNDERS,12,Tucson,Arizona,USA,85728,31.96586988,-111.9061082,Male,Organic
822,VICTOR LOPES,25,Tucson,Arizona,USA,85728,31.98373746,-111.9080062,Male,Organic
823,RICHARD LAWSON,49,Tucson,Arizona,USA,85728,31.98291868,-111.9161429,Male,Organic
824,MATTHEW MONTGOMERY,21,Tucson,Arizona,USA,85730,32.17230487,-110.7701968,Male,Search
825,CHRIS HURT,37,Tucson,Arizona,USA,85730,32.15569805,-110.7951184,Male,Email
826,DOUGLAS DOSS,14,Tucson,Arizona,USA,85731,32.06841334,-110.705477,Male,Search
827,HERBERT GIBSON,86,Tucson,Arizona,USA,85731,32.11138039,-110.7325226,Male,Facebook
828,CHARLES HESTER,36,Tucson,Arizona,USA,85731,32.0757432,-110.7001178,Male,Organic
829,STEVEN HENDERSON,27,Tucson,Arizona,USA,85731,32.11337464,-110.6937869,Male,Facebook
830,MICHAEL THOMPSON,16,Tucson,Arizona,USA,85732,32.09111876,-110.6820354,Male,Search
831,RAYMOND POWELL,27,Tucson,Arizona,USA,85732,32.0493808,-110.7059328,Male,Facebook
832,BRENT RUTH,12,Tucson,Arizona,USA,85732,32.10047235,-110.6960244,Male,Facebook
833,CHRISTOPHER BOYD,93,Tucson,Arizona,USA,85732,32.05426175,-110.7108123,Male,Organic
834,ROGER REED,14,Tucson,Arizona,USA,85732,32.10388435,-110.7262308,Male,Organic
835,JERRY ROUSE,41,Tucson,Arizona,USA,85733,31.94675551,-111.8837945,Male,Search
836,LONNIE PARKS,58,Tucson,Arizona,USA,85733,31.93938455,-111.8785425,Male,Email
837,SETH GRENIER,14,Tucson,Arizona,USA,85733,31.9489546,-111.8785692,Male,Organic
838,ANTHONY MILLER,44,Tucson,Arizona,USA,85733,31.93882313,-111.8964292,Male,Organic
839,HENRY HASSELL,16,Tucson,Arizona,USA,85734,32.08161288,-110.9031239,Male,Organic
840,WALTER ARNOLD,16,Tucson,Arizona,USA,85734,32.05343463,-110.9107192,Male,Facebook
841,HENRY PRESTON,71,Tucson,Arizona,USA,85734,32.07553727,-110.9435207,Male,Search
842,JAMES OTTEN,41,Tucson,Arizona,USA,85734,32.04792299,-110.9075369,Male,Display
843,RONALD SCOTT,14,Tucson,Arizona,USA,85735,32.45819445,-110.9867806,Male,Facebook
844,RAYMOND GOLSON,27,Tucson,Arizona,USA,85735,32.43390841,-111.0033322,Male,Email
845,DARREN KENNY,32,Tucson,Arizona,USA,85737,32.41909009,-110.9546714,Male,Display
846,RONALD GILREATH,33,Tucson,Arizona,USA,85737,32.4474396,-111.0095006,Male,Organic
847,TRAVIS SCHNELL,16,Tucson,Arizona,USA,85737,32.44883806,-111.0137817,Male,Facebook
848,ARTHUR WALTON,38,Tucson,Arizona,USA,85739,32.43006988,-110.9057964,Male,Email
849,CURTIS WETZEL,37,Tucson,Arizona,USA,85739,32.45129592,-110.9157187,Male,Display
850,NORMAN GONZALEZ,99,Tucson,Arizona,USA,85739,32.47010801,-110.9086891,Male,Search
851,DAN REDMON,37,Tucson,Arizona,USA,85739,32.43553162,-110.865437,Male,Organic
852,RANDOLPH BARRY,53,Tucson,Arizona,USA,85740,31.94468247,-111.9109254,Male,Organic
853,PEDRO SHELLENBERGER,74,Tucson,Arizona,USA,85741,32.34081678,-111.0936595,Male,Facebook
854,GARY PARTLOW,47,Tucson,Arizona,USA,85741,32.36911973,-111.0528319,Male,Organic
855,HUBERT ENGLISH,38,Tucson,Arizona,USA,85741,32.31784126,-111.0559721,Male,Search
856,RICKEY BURNS,58,Tucson,Arizona,USA,85742,32.3895139,-111.0599059,Male,Email
857,PAUL KIRBY,51,Tucson,Arizona,USA,85742,32.39420809,-111.0480357,Male,Email
858,KEVIN BRYANT,59,Tucson,Arizona,USA,85742,32.43781107,-111.097982,Male,Search
859,JORGE HILLMAN,26,Tucson,Arizona,USA,85742,32.39561915,-111.0672592,Male,Organic
860,IAN PERDUE,14,Tucson,Arizona,USA,85743,32.36572133,-111.0350289,Male,Organic
861,MARK AMADOR,16,Tucson,Arizona,USA,85746,31.95405815,-111.9181716,Male,Organic
862,EVERETT EWALD,52,Tucson,Arizona,USA,85746,31.95101743,-111.9135676,Male,Organic
863,JOHN MURPHEY,44,Tucson,Arizona,USA,85748,32.21103752,-110.7375146,Male,Facebook
864,HENRY RICE,12,Tucson,Arizona,USA,85749,32.23764882,-110.7319179,Male,Organic
865,JORGE FIGUEROA,44,Tucson,Arizona,USA,85749,32.27024477,-110.7718835,Male,Facebook
866,RALPH MULLINS,14,Tucson,Arizona,USA,85750,32.31442444,-110.8731741,Male,Search
867,PAUL MCDONALD,51,Tucson,Arizona,USA,85750,32.26363992,-110.8321847,Male,Search
868,GILBERT HARRIS,44,Tucson,Arizona,USA,85751,32.19039784,-110.7497506,Male,Facebook
869,WILLIAM MCCORMICK,16,Tucson,Arizona,USA,85751,32.1944007,-110.7434124,Male,Search
870,ALBERT GRAVES,32,Tucson,Arizona,USA,85751,32.19257766,-110.7479017,Male,Search
871,RICHARD SAK,53,Tucson,Arizona,USA,85751,32.15964198,-110.7006511,Male,Email
872,KENDALL MCCURDY,51,Tucson,Arizona,USA,85752,31.94338627,-111.9105359,Male,Search
873,CHRISTOPHER RUBALCAVA,69,Tucson,Arizona,USA,85752,32.00116119,-111.8753044,Male,Organic
874,JOHN KELLEY,19,Tucson,Arizona,USA,85752,31.94168785,-111.9059292,Male,Search
875,FRITZ SWOPE,14,Show Low,Arizona,USA,85902,34.27060205,-110.045942,Male,Search
876,CHRISTOPHER RICHARDSON,61,Show Low,Arizona,USA,85902,34.31750666,-110.0268983,Male,Display
877,DAVID WATKINS,48,Show Low,Arizona,USA,85902,34.28696684,-110.027101,Male,Search
878,MARK STAGG,39,Eagar,Arizona,USA,85925,34.10852207,-109.2907365,Male,Organic
879,STEPHEN ROANE,14,Eagar,Arizona,USA,85925,34.10797765,-109.2902942,Male,Organic
880,EDWARD IRWIN,14,Eagar,Arizona,USA,85925,34.0987184,-109.2945468,Male,Organic
881,NELSON MCFADDIN,26,Eagar,Arizona,USA,85925,34.1162917,-109.2951197,Male,Facebook
882,CARLOS RILEY,57,Saint Johns,Arizona,USA,85936,34.4901836,-109.4853488,Male,Facebook
883,SEAN BLEVINS,14,Taylor,Arizona,USA,85939,34.32278329,-109.9960717,Male,Organic
884,CHARLES MARTINEZ,22,Flagstaff,Arizona,USA,86001,35.92754428,-111.6315073,Male,Organic
885,DUSTIN MAYFIELD,31,Flagstaff,Arizona,USA,86001,35.9082809,-111.5909204,Male,Facebook
886,ALFONZO LEFFEL,12,Flagstaff,Arizona,USA,86001,35.95088138,-111.5760291,Male,Search
887,MICHAEL ROBINSON,88,Flagstaff,Arizona,USA,86001,35.91179969,-111.5864607,Male,Organic
888,WALTER SCHULER,16,Flagstaff,Arizona,USA,86001,35.92425839,-111.5819645,Male,Organic
889,ROBERT CROSBY,39,Flagstaff,Arizona,USA,86004,35.61191905,-111.3405764,Male,Email
890,EDWARD MARTINEZ,46,Flagstaff,Arizona,USA,86004,35.60326311,-111.3354995,Male,Facebook
891,MICHAEL SPIVEY,58,Flagstaff,Arizona,USA,86004,35.58772411,-111.3017787,Male,Search
892,BRIAN DAVIS,41,Flagstaff,Arizona,USA,86004,35.62193888,-111.2913248,Male,Facebook
893,ELTON STCLAIR,34,Flagstaff,Arizona,USA,86011,35.62251852,-112.0316723,Male,Organic
894,DAVID WADE,38,Flagstaff,Arizona,USA,86011,35.62473745,-112.0556726,Male,Email
895,GARY BROWN,12,Flagstaff,Arizona,USA,86011,35.62374441,-112.0705855,Male,Display
896,KEVIN THOMASON,52,Flagstaff,Arizona,USA,86011,35.61469498,-112.059251,Male,Search
897,AUGUSTINE MYER,34,Flagstaff,Arizona,USA,86011,35.60123989,-112.0634346,Male,Email
898,JUSTIN HURT,39,Flagstaff,Arizona,USA,86011,35.63833741,-112.0606588,Male,Search
899,MARK AVERY,48,Flagstaff,Arizona,USA,86011,35.60153472,-112.0589659,Male,Search
900,KENNETH LEWIS,12,Flagstaff,Arizona,USA,86011,35.60089504,-112.0524294,Male,Email
901,ROBERT CLAUDIO,38,Colorado City,Arizona,USA,86021,36.97254191,-112.984613,Male,Search
902,PERRY VASQUEZ,38,Page,Arizona,USA,86040,36.91944445,-111.4973437,Male,Facebook
903,JAMES FRANCIS,16,Winslow,Arizona,USA,86047,34.62936535,-110.3465789,Male,Organic
904,RICHARD JAMES,38,Winslow,Arizona,USA,86047,34.62771095,-110.356668,Male,Organic
905,WILLIAM VALDEZ,18,Prescott,Arizona,USA,86301,34.64604418,-112.5914344,Male,Display
906,GROVER CARSON,43,Prescott,Arizona,USA,86302,34.54040701,-112.52141,Male,Display
907,JAMES STRICKLAND,12,Prescott,Arizona,USA,86302,34.56123167,-112.4925168,Male,Search
908,DONALD CARTER,12,Prescott,Arizona,USA,86302,34.57761895,-112.4847739,Male,Facebook
909,CARL GAMEZ,42,Prescott,Arizona,USA,86304,34.56135145,-112.5142759,Male,Email
910,JIMMIE STEVENS,59,Prescott,Arizona,USA,86304,34.62062443,-112.4928978,Male,Organic
911,DARYL LINDE,14,Prescott,Arizona,USA,86305,34.71215892,-112.2445601,Male,Organic
912,DENNIS YOUNG,19,Prescott,Arizona,USA,86305,34.67857739,-112.2381815,Male,Organic
913,DAVID RAMON,64,Prescott,Arizona,USA,86305,34.69501107,-112.2027147,Male,Search
914,RICHARD MCKINNEY,36,Prescott Valley,Arizona,USA,86312,34.66944548,-112.2795447,Male,Organic
915,JOHN BALL,59,Prescott Valley,Arizona,USA,86314,34.61599216,-112.2345755,Male,Organic
916,TRAVIS MCCAULEY,42,Prescott Valley,Arizona,USA,86314,34.60346915,-112.2395759,Male,Organic
917,BRIAN VANWINKLE,42,Prescott Valley,Arizona,USA,86314,34.60110644,-112.2588183,Male,Facebook
918,RAYMOND BOWE,63,Prescott Valley,Arizona,USA,86314,34.59733903,-112.2866825,Male,Email
919,ELLIOTT HAZZARD,59,Prescott Valley,Arizona,USA,86314,34.63756673,-112.2584374,Male,Display
920,CESAR COLLINS,12,Prescott Valley,Arizona,USA,86314,34.63406626,-112.2289248,Male,Organic
921,ISMAEL NIEMI,14,Camp Verde,Arizona,USA,86322,34.57756024,-111.8071148,Male,Email
922,JAMES GREENE,16,Chino Valley,Arizona,USA,86323,34.75078707,-112.1648257,Male,Organic
923,MALCOM KING,43,Chino Valley,Arizona,USA,86323,34.74692144,-112.177992,Male,Search
924,ROBERT MENDEZ,16,Chino Valley,Arizona,USA,86323,34.76206037,-112.1632036,Male,Search
925,SEAN GILLESPIE,61,Cottonwood,Arizona,USA,86326,34.63846309,-112.0364968,Male,Organic
926,CURTIS CARDENAS,22,Cottonwood,Arizona,USA,86326,34.63535286,-112.0483392,Male,Search
927,DANA GRAY,53,Sedona,Arizona,USA,86340,34.72128841,-112.4108074,Male,Organic
928,KENNETH DEJESUS,36,Kingman,Arizona,USA,86401,35.35231152,-114.042547,Male,Search
929,WALTER JOHNSON,14,Kingman,Arizona,USA,86401,35.34180398,-114.0119391,Male,Search
930,EVERETT BOURG,16,Kingman,Arizona,USA,86401,35.34300524,-114.018286,Male,Organic
931,ANTHONY HARMON,62,Kingman,Arizona,USA,86402,35.27787843,-114.0323141,Male,Organic
932,MICHAEL LOWE,52,Lake Havasu City,Arizona,USA,86404,34.53609779,-114.308792,Male,Organic
933,TRACY RINKER,12,Lake Havasu City,Arizona,USA,86404,34.52399868,-114.3541542,Male,Facebook
934,SAMUEL DOMBROWSKI,48,Lake Havasu City,Arizona,USA,86404,34.57900587,-114.3260001,Male,Facebook
935,ERVIN COLBY,12,Lake Havasu City,Arizona,USA,86404,34.56440401,-114.301118,Male,Facebook
936,GEORGE GREGORY,14,Lake Havasu City,Arizona,USA,86404,34.53913045,-114.3159659,Male,Search
937,FILIBERTO WEEKS,37,Lake Havasu City,Arizona,USA,86404,34.55861891,-114.3419288,Male,Organic
938,ANDREW EUBANKS,26,Lake Havasu City,Arizona,USA,86405,35.57163105,-113.6192023,Male,Search
939,RON DECARO,71,Lake Havasu City,Arizona,USA,86405,35.62361834,-113.6432951,Male,Organic
940,CHRISTOPHER STONE,62,Lake Havasu City,Arizona,USA,86405,35.61385237,-113.6360373,Male,Organic
941,TREVOR BUCHANAN,20,Lake Havasu City,Arizona,USA,86405,35.59651129,-113.6460594,Male,Search
942,CLARENCE JUDE,18,Lake Havasu City,Arizona,USA,86406,34.77499927,-114.1127429,Male,Email
943,WAYNE RODGERS,39,Lake Havasu City,Arizona,USA,86406,34.74114161,-114.1169122,Male,Search
944,BRYAN FLORENCE,19,Bullhead City,Arizona,USA,86429,35.14601047,-114.5340908,Male,Organic
945,CHRISTOPHER ROGERS,16,Bullhead City,Arizona,USA,86429,35.14287738,-114.5739156,Male,Organic
946,ROBERT FREEMAN,48,Bullhead City,Arizona,USA,86430,35.16058866,-114.5148064,Male,Display
947,RICHARD VESSELS,48,Bullhead City,Arizona,USA,86439,35.06290616,-114.6395386,Male,Organic
948,DAVID STRICKLAND,12,Bullhead City,Arizona,USA,86439,35.09938173,-114.6059868,Male,Display
949,DANIEL TART,37,Bullhead City,Arizona,USA,86442,34.97967692,-114.2886557,Male,Display
950,RICHARD COLEMAN,16,Bullhead City,Arizona,USA,86442,34.97680943,-114.333928,Male,Organic
951,ELIZABETH NEWELL,37,Phoenix,Arizona,USA,85001,33.67700495,-112.3301979,Female,Search
952,SARA BENNETT,36,Phoenix,Arizona,USA,85001,33.73658829,-112.3794346,Female,Search
953,FRANKIE RICHTER,44,Phoenix,Arizona,USA,85001,33.69876708,-112.3341335,Female,Display
954,SUSAN GONZALES,36,Phoenix,Arizona,USA,85001,33.68720677,-112.3353734,Female,Email
955,BARBARA BELL,29,Phoenix,Arizona,USA,85001,33.69569731,-112.3648356,Female,Display
956,LILLIAN MARTIN,51,Phoenix,Arizona,USA,85001,33.6764653,-112.3814013,Female,Facebook
957,LAURA KELLEY,14,Phoenix,Arizona,USA,85002,33.28577348,-112.1776507,Female,Search
958,SHIRLEY WOLF,37,Phoenix,Arizona,USA,85002,33.30166463,-112.166622,Female,Organic
959,MICHELLE OHARA,69,Phoenix,Arizona,USA,85002,33.25518204,-112.1654011,Female,Organic
960,MAGGIE MALONE,47,Phoenix,Arizona,USA,85002,33.24193257,-112.214987,Female,Organic
961,LAURA MCEWEN,14,Phoenix,Arizona,USA,85003,33.29165159,-112.2068926,Female,Organic
962,GAIL WERTZ,37,Phoenix,Arizona,USA,85003,33.25962467,-112.2211648,Female,Organic
963,MARLENE GIBSON,42,Phoenix,Arizona,USA,85003,33.28862458,-112.214528,Female,Organic
964,LORI BAILEY,16,Phoenix,Arizona,USA,85003,33.27749707,-112.2030827,Female,Search
965,ANTONETTE JOHNSON,49,Phoenix,Arizona,USA,85004,33.24671674,-112.1638742,Female,Organic
966,VANESSA TELLO,49,Phoenix,Arizona,USA,85004,33.27876021,-112.2156114,Female,Organic
967,HEATHER LEE,16,Phoenix,Arizona,USA,85004,33.27609823,-112.1935538,Female,Display
968,MARCI KING,71,Phoenix,Arizona,USA,85004,33.30597922,-112.1720021,Female,Display
969,JOANN BUENO,71,Phoenix,Arizona,USA,85004,33.27578633,-112.172666,Female,Organic
970,ROBIN WOLK,64,Phoenix,Arizona,USA,85004,33.29316399,-112.1546922,Female,Organic
971,TIFFANY STEVENSON,36,Phoenix,Arizona,USA,85004,33.25545848,-112.1735528,Female,Search
972,TONYA GRIMM,49,Phoenix,Arizona,USA,85004,33.2626663,-112.1692547,Female,Email
973,PATTI SCHMIDT,20,Phoenix,Arizona,USA,85004,33.27936356,-112.2227052,Female,Facebook
974,JANET HUFFMAN,16,Phoenix,Arizona,USA,85004,33.29685809,-112.1905817,Female,Organic
975,VELMA WILLIAMS,99,Phoenix,Arizona,USA,85004,33.27098245,-112.1825421,Female,Organic
976,CARMELLA THOMPSON,26,Phoenix,Arizona,USA,85004,33.28916792,-112.2149293,Female,Search
977,JODI QUINTANILLA,26,Phoenix,Arizona,USA,85005,33.25455398,-112.1533071,Female,Facebook
978,CHERYL ORTIZ,61,Phoenix,Arizona,USA,85005,33.28928726,-112.1873182,Female,Display
979,RUTH MATNEY,37,Phoenix,Arizona,USA,85005,33.29156952,-112.1784818,Female,Organic
980,ANNMARIE GLEDHILL,52,Phoenix,Arizona,USA,85005,33.27057897,-112.1636289,Female,Organic
981,ALICIA DOUGLASS,70,Phoenix,Arizona,USA,85006,33.29019182,-112.1917019,Female,Organic
982,KIMBERLY CHRISTIAN,14,Phoenix,Arizona,USA,85006,33.29583574,-112.1695658,Female,Organic
983,BETTYE HALL,43,Phoenix,Arizona,USA,85006,33.25508986,-112.2116822,Female,Organic
984,CHRISTINE MITCHELL,39,Phoenix,Arizona,USA,85006,33.30324702,-112.1633604,Female,Display
985,MARY BARRY,54,Phoenix,Arizona,USA,85006,33.2449566,-112.2083616,Female,Organic
986,MORGAN MILES,25,Phoenix,Arizona,USA,85006,33.24752361,-112.1751727,Female,Search
987,SOPHIA WATKINS,76,Phoenix,Arizona,USA,85007,33.27944594,-112.2200726,Female,Organic
988,VIVIAN GALVAN,27,Phoenix,Arizona,USA,85007,33.29532679,-112.1937876,Female,Email
989,ALLISON GOFORTH,52,Phoenix,Arizona,USA,85007,33.29151146,-112.2003349,Female,Organic
990,MELISSA SHIELDS,43,Phoenix,Arizona,USA,85007,33.24158138,-112.1966523,Female,Organic
991,MARY PEARSON,56,Phoenix,Arizona,USA,85008,33.42727809,-111.9428022,Female,Organic
992,JEANNETTE TRIPLETT,74,Phoenix,Arizona,USA,85008,33.4296114,-111.9258061,Female,Organic
993,DENA AINSWORTH,14,Phoenix,Arizona,USA,85008,33.47689831,-111.9589845,Female,Display
994,MILDRED BROWN,16,Phoenix,Arizona,USA,85008,33.45631119,-111.9802487,Female,Organic
995,RUBY CLARK,28,Phoenix,Arizona,USA,85008,33.43713037,-111.940255,Female,Search
996,MILDRED COOKSEY,44,Phoenix,Arizona,USA,85008,33.45804287,-111.9712519,Female,Organic
997,MARIE ADAMS,12,Phoenix,Arizona,USA,85009,33.47630245,-112.0002324,Female,Facebook
998,JANA PARRIS,41,Phoenix,Arizona,USA,85009,33.4340694,-111.9425937,Female,Display
999,PAMELA NABORS,44,Phoenix,Arizona,USA,85009,33.46613858,-111.9635084,Female,Search
1000,CONSTANCE YOUNG,62,Phoenix,Arizona,USA,85009,33.42000489,-111.9463223,Female,Search
