,user_id,name,age,city,state,country,zip,latitude,longitude,gender,traffic_source
0,1,ROY MEJIA,28,Phoenix,Arizona,USA,85003,32.38368965,-112.1185137,Female,Organic
1,2,ROBERT ABBOTT,31,Phoenix,Arizona,USA,85038,33.37798373,-112.5943753,Male,Facebook
2,3,ALBERT WOOD,21,Phoenix,Arizona,USA,85001,33.77354397,-112.1409597,Male,Facebook
3,4,CLAY COOK,12,Phoenix,Arizona,USA,85027,33.17824017,-112.1568743,Male,Email
4,5,ELI HOLLOWAY,68,Phoenix,Arizona,USA,85015,32.78904599,-111.5050094,Male,Search
5,6,JERRY BANNISTER,14,Peoria,Arizona,USA,85141,32.36626324,-112.632505,Male,Organic
6,7,PHILIP ECKERT,60,Phoenix,Arizona,USA,85073,33.00992977,-112.4531031,Male,Organic
7,8,DARIUS DAVIS,40,Tucson,Arizona,USA,85257,33.96235759,-111.7731497,Female,Organic
8,9,CHARLES SAUNDERS,17,Phoenix,Arizona,USA,85304,34.18615319,-112.1275036,Male,Search
9,10,THOMAS JOHNSON,45,Mesa,Arizona,USA,85423,33.25810644,-111.6390928,Male,Search
10,11,PAUL ROLFES,78,Phoenix,Arizona,USA,85008,32.0522077,-112.344731,Male,Facebook
11,12,PAUL STEELE,25,Chandler,Arizona,USA,85130,33.25158711,-112.0540034,Male,Search
12,13,JOHN TRIPP,27,Phoenix,Arizona,USA,85023,32.45721202,-111.5346628,Male,Organic
13,14,ALFONSO CLARK,48,Phoenix,Arizona,USA,85056,33.11746973,-110.9694554,Male,Search
14,15,FORREST MOORE,21,Chandler,Arizona,USA,85153,33.94034852,-112.7837258,Male,Search
15,16,EVERETT BOURG,20,Phoenix,Arizona,USA,85052,32.85448712,-112.2729217,Male,Search
16,17,HENRY ROSS,27,Phoenix,Arizona,USA,85015,31.56805735,-111.3068559,Male,Organic
17,18,CHRISTINE MITCHELL,32,Tucson,Arizona,USA,85558,34.31355806,-112.3518939,Male,Search
18,19,CHRISTOPHER PARSONS,31,Goodyear,Arizona,USA,85117,33.84615176,-111.5155424,Male,Email
19,20,JESUS OBRIEN,39,Phoenix,Arizona,USA,85011,33.56642259,-112.1919938,Female,Display
20,21,GREGORY MAPLES,83,Phoenix,Arizona,USA,85285,33.15730147,-112.2735295,Male,Display
21,22,DANIEL MORGAN,38,Phoenix,Arizona,USA,85017,33.86277238,-111.934719,Male,Display
22,23,CHRIS LARSON,45,Phoenix,Arizona,USA,85281,34.06936929,-111.9768702,Male,Organic
23,24,PETER MOORE,37,Phoenix,Arizona,USA,85014,33.05036953,-111.116525,Male,Organic
24,25,JAMES BURROWS,52,Tucson,Arizona,USA,85038,33.30737603,-112.7784332,Male,Display
25,26,JACK TANAKA,33,Tucson,Arizona,USA,85058,33.14759889,-111.0305826,Male,Email
26,27,JOHN CONDER,32,Gilbert,Arizona,USA,85316,34.42193251,-112.2638686,Male,Search
27,28,JEFFREY FRIEND,43,Mesa,Arizona,USA,85131,33.29419029,-112.2835004,Male,Display
28,29,LEROY THOMPSON,32,Apache Junction,Arizona,USA,85323,32.76011361,-111.8157124,Male,Facebook
29,30,BERNARD KAWAMOTO,38,Phoenix,Arizona,USA,85031,33.02128076,-112.542881,Male,Search
30,31,ANTHONY JONES,18,Scottsdale,Arizona,USA,85049,33.00546012,-112.9988993,Male,Organic
31,32,GEORGE ALDERSON,50,Scottsdale,Arizona,USA,85116,33.62023242,-111.9432239,Male,Organic
32,33,BILLY BAILEY,60,Gilbert,Arizona,USA,85202,33.56821147,-112.2671252,Male,Search
33,34,STEVEN SCRUGGS,51,Phoenix,Arizona,USA,85037,32.74658962,-112.3050865,Male,Search
34,35,BARRY ADKINS,47,Phoenix,Arizona,USA,85013,32.76300818,-113.2979075,Male,Organic
35,36,DONALD ELLS,46,Tucson,Arizona,USA,85343,32.45057896,-111.0145006,Male,Organic
36,37,BOBBY STUDEBAKER,43,Gilbert,Arizona,USA,85540,33.26405555,-112.7887238,Male,Search
37,38,DANIEL MORGAN,23,Glendale,Arizona,USA,85038,32.82242694,-112.3834269,Male,Organic
38,39,PAUL REID,47,Phoenix,Arizona,USA,85016,33.70891961,-112.3782306,Male,Email
39,40,JAMES NOLL,40,Phoenix,Arizona,USA,85146,32.55772047,-112.1476833,Male,Facebook
40,41,MARC BAKER,23,El Mirage,Arizona,USA,85228,33.29167207,-112.9034189,Male,Organic
41,42,ERIC SMALL,38,Phoenix,Arizona,USA,85094,31.90516963,-110.5941061,Male,Search
42,43,VERNON BRODERSEN,17,Phoenix,Arizona,USA,85117,32.39087042,-111.3445315,Male,Organic
43,44,TROY WOODFORD,37,Tucson,Arizona,USA,85046,33.42483355,-111.8872791,Male,Organic
44,45,JAMES RIVERA,14,Phoenix,Arizona,USA,85235,32.14950682,-112.506853,Male,Organic
45,46,ISMAEL NIEMI,13,Gilbert,Arizona,USA,85369,33.62361188,-112.821197,Male,Facebook
46,47,MONTY PERKINS,42,Glendale,Arizona,USA,85032,33.95828373,-112.8288525,Male,Email
47,48,JOANN BUENO,26,Tucson,Arizona,USA,85223,34.16134159,-113.1637826,Male,Organic
48,49,MILDRED COOKSEY,12,Phoenix,Arizona,USA,85099,33.85130046,-112.6283255,Male,Search
49,50,HENRY PRESTON,53,Tucson,Arizona,USA,85179,33.87866732,-112.3008946,Male,Facebook
50,51,EMMETT LESSARD,64,Phoenix,Arizona,USA,85179,33.48259587,-113.3346959,Male,Organic
51,52,EVERETT BOURG,44,Mesa,Arizona,USA,85062,32.14361363,-111.5410823,Male,Organic
52,53,JAMES CALDWELL,44,Phoenix,Arizona,USA,85046,32.59394921,-111.7751021,Male,Search
53,54,CLAY COOK,30,Phoenix,Arizona,USA,85136,32.33387466,-110.2449266,Male,Organic
54,55,DANIEL ZHU,46,Scottsdale,Arizona,USA,85209,32.59834086,-111.9990418,Male,Search
55,56,STEVEN NOLAN,59,Phoenix,Arizona,USA,85004,33.05042146,-112.3984707,Male,Organic
56,57,ROGER REED,16,Marana,Arizona,USA,85221,32.78029328,-112.630306,Male,Facebook
57,58,STEPHEN ROANE,41,Mesa,Arizona,USA,85231,33.27743691,-113.0525674,Male,Facebook
58,59,ERNEST SHAWVER,32,Phoenix,Arizona,USA,85072,33.29889326,-112.6437942,Male,Facebook
59,60,MARK BEST,18,Phoenix,Arizona,USA,85007,32.70069265,-112.2217434,Male,Facebook
60,61,ARTHUR NELSON,24,Phoenix,Arizona,USA,85037,32.82019976,-111.367547,Male,Display
61,62,TRAVIS SCHNELL,19,Gilbert,Arizona,USA,85507,33.13028056,-111.5553679,Male,Facebook
62,63,LEROY CARROLL,27,Gilbert,Arizona,USA,85109,33.24548278,-111.7435296,Male,Facebook
63,64,MICHAEL WILSON,46,Tucson,Arizona,USA,85189,34.4404829,-113.9004599,Male,Search
64,65,MAURICE BECKER,51,Phoenix,Arizona,USA,85097,33.10188301,-112.129304,Male,Search
65,66,ANTHONY JONES,17,Glendale,Arizona,USA,85074,32.32984624,-112.1970723,Male,Organic
66,67,IAN PERDUE,39,Phoenix,Arizona,USA,85128,33.73106793,-112.3657162,Male,Email
67,68,CHRIS YOUNG,50,Tucson,Arizona,USA,85280,32.90086592,-111.1321982,Male,Display
68,69,ANTONETTE JOHNSON,68,Tucson,Arizona,USA,85046,33.83182813,-112.9743665,Male,Search
69,70,THOMAS JOHNSON,50,Tempe,Arizona,USA,85620,33.56592688,-111.0570223,Male,Display
70,71,JUSTIN DODSON,41,Gilbert,Arizona,USA,85110,32.99161307,-111.8638006,Male,Search
71,72,CRAIG BLANK,96,Gilbert,Arizona,USA,85133,34.50596784,-113.033365,Male,Facebook
72,73,GERALD SMITH,14,Peoria,Arizona,USA,85142,33.99610329,-112.5246967,Male,Search
73,74,JEFFREY EVANS,32,Lake Havasu City,Arizona,USA,85349,33.47328637,-112.5001502,Male,Organic
74,75,MONTY PERKINS,33,Phoenix,Arizona,USA,85014,33.55800142,-112.4766202,Male,Organic
75,76,DONALD GONZALES,34,Phoenix,Arizona,USA,85103,32.5332618,-111.1895917,Male,Organic
76,77,MATTHEW MONTGOMERY,22,Phoenix,Arizona,USA,85049,34.30225268,-112.703958,Male,Search
77,78,JOSEPH COPLEY,42,Phoenix,Arizona,USA,85038,33.0241032,-111.4425528,Male,Display
78,79,PETER GASTON,41,Tucson,Arizona,USA,85083,32.71079493,-111.0333723,Male,Organic
79,80,DARREN POOLE,19,Tucson,Arizona,USA,85317,32.38424958,-111.6722129,Male,Search
80,81,MICHAEL PARK,24,Mesa,Arizona,USA,85136,34.48205984,-111.9377417,Male,Search
81,82,MICHEAL SEGURA,73,Glendale,Arizona,USA,85193,33.38746301,-113.7419781,Female,Facebook
82,83,NORMAN GONZALEZ,32,Lake Havasu City,Arizona,USA,85348,33.14013074,-111.2237071,Male,Email
83,84,RAYMOND DOOLITTLE,25,Phoenix,Arizona,USA,85043,33.69588495,-112.2472999,Male,Organic
84,85,BRUCE CHADWICK,18,Phoenix,Arizona,USA,85126,33.46714446,-112.6770233,Male,Facebook
85,86,ANTHONY MILLER,22,Phoenix,Arizona,USA,85011,33.61916779,-112.9492971,Male,Display
86,87,ALLAN BANK,33,Phoenix,Arizona,USA,85183,33.24194563,-111.666397,Male,Display
87,88,DEVON STANBACK,32,Tucson,Arizona,USA,85077,33.58014357,-111.4919448,Male,Search
88,89,ADAM SNOW,94,Tucson,Arizona,USA,85072,32.0212209,-112.372297,Male,Organic
89,90,KEVIN DAUGHERTY,35,Phoenix,Arizona,USA,85001,31.77364027,-111.3765942,Male,Organic
90,91,JOHN VARGAS,60,Phoenix,Arizona,USA,85117,34.08627201,-112.3122992,Male,Facebook
91,92,NATHAN WILKS,50,Tucson,Arizona,USA,85757,34.24362401,-112.5882046,Male,Facebook
92,93,THOMAS UMBERGER,38,Apache Junction,Arizona,USA,85519,32.22061859,-110.3736733,Male,Organic
93,94,ROBERT VANCAMP,27,Phoenix,Arizona,USA,85059,32.62190686,-112.4433024,Male,Organic
94,95,WILLIE HUFFMAN,46,Peoria,Arizona,USA,85148,32.88757309,-112.1082951,Male,Search
95,96,MICHAEL MANNINGS,26,Phoenix,Arizona,USA,85013,33.17622924,-111.5973991,Male,Search
96,97,GRANT MCCROY,46,Lake Havasu City,Arizona,USA,85177,32.12966754,-112.5818992,Male,Organic
97,98,JAMES ROSAS,37,Tucson,Arizona,USA,85152,33.76259653,-112.0479008,Male,Organic
98,99,WILLIE HUFFMAN,12,Phoenix,Arizona,USA,85201,33.61170462,-112.7050722,Male,Facebook
99,100,STEVEN BLAND,36,Mesa,Arizona,USA,85021,34.52721751,-111.8511155,Female,Search
100,101,JESUS OBRIEN,46,Phoenix,Arizona,USA,85335,32.66177553,-111.6639553,Male,Display
101,102,PAUL REID,26,Phoenix,Arizona,USA,85003,33.44553883,-112.2988989,Female,Organic
102,103,JAMES ROSAS,26,Phoenix,Arizona,USA,85020,33.34816079,-111.3288294,Male,Search
103,104,WILLIAM COAN,28,Glendale,Arizona,USA,85317,33.9031695,-111.4560996,Male,Email
104,105,ROBERT LISLE,57,Mesa,Arizona,USA,85246,33.70748021,-111.8233388,Male,Organic
105,106,ALBERT WOOD,75,Phoenix,Arizona,USA,85220,32.77823537,-112.4224909,Male,Organic
106,107,RAYMOND COLVIN,30,Chandler,Arizona,USA,85153,32.88603191,-112.5674307,Male,Email
107,108,DANIEL FIELDS,80,Phoenix,Arizona,USA,85284,32.24991872,-112.5595007,Male,Search
108,109,THEODORE PHELAN,24,Glendale,Arizona,USA,85201,32.3107263,-111.5502065,Male,Organic
109,110,JOSEPH EVANS,19,Phoenix,Arizona,USA,85060,33.36224665,-112.6532817,Male,Search
110,111,ROY MEJIA,12,Phoenix,Arizona,USA,85092,33.50714193,-111.8093214,Male,Organic
111,112,PHILIP TUCKER,18,Phoenix,Arizona,USA,85369,33.49981821,-110.921158,Male,Organic
112,113,DEVON STANBACK,51,Tempe,Arizona,USA,85126,33.61372614,-112.7455642,Male,Organic
113,114,GAIL WERTZ,43,Mesa,Arizona,USA,85088,32.91994818,-113.0163014,Male,Search
114,115,SEAN GILLESPIE,27,Flagstaff,Arizona,USA,85334,33.6006274,-112.9570021,Male,Organic
115,116,MARIO SMITH,26,Phoenix,Arizona,USA,85090,33.35669643,-113.4321509,Male,Facebook
116,117,JAMES DALE,42,Phoenix,Arizona,USA,85039,32.8061126,-111.3284299,Female,Email
117,118,GEORGE FLEMING,46,Tucson,Arizona,USA,85426,33.35050708,-111.998856,Male,Search
118,119,BENJAMIN TAYLOR,50,Gilbert,Arizona,USA,85287,33.2543545,-111.3439265,Female,Email
119,120,ROBERT LAY,58,Chandler,Arizona,USA,85175,33.53180729,-111.8194364,Male,Organic
120,121,ELTON STCLAIR,12,Phoenix,Arizona,USA,85068,33.25732735,-112.5446641,Male,Organic
121,122,RICHARD COLEMAN,18,Tucson,Arizona,USA,85215,32.10724838,-111.8724313,Male,Organic
122,123,RODNEY PENNY,35,Phoenix,Arizona,USA,85293,33.6885905,-112.297777,Male,Email
123,124,CLARENCE JUDE,73,Phoenix,Arizona,USA,85101,33.45176237,-112.3504618,Male,Facebook
124,125,RAYMOND BOWE,15,Mesa,Arizona,USA,85407,32.16354005,-109.8737776,Male,Search
125,126,ALBERT WOOD,20,Scottsdale,Arizona,USA,85126,34.45140198,-112.0324353,Male,Search
126,127,EDWARD IRWIN,38,Mesa,Arizona,USA,85120,34.10584257,-112.590418,Male,Organic
127,128,ERNEST BLACK,71,Phoenix,Arizona,USA,85159,32.77911543,-110.567012,Male,Facebook
128,129,MARK SWADER,57,Tucson,Arizona,USA,85100,33.38115763,-113.288103,Male,Organic
129,130,VERNON ROBERTS,55,Tucson,Arizona,USA,85201,32.84232208,-111.5058801,Male,Organic
130,131,MICHAEL PHILPOTT,38,Surprise,Arizona,USA,85305,32.81904657,-111.8466885,Male,Organic
131,132,MARK RICHARDSON,45,Phoenix,Arizona,USA,85247,33.26991966,-111.6841996,Male,Search
132,133,HOWARD GARDNER,40,Phoenix,Arizona,USA,85114,32.38649453,-111.6516832,Male,Search
133,134,JOHN DAY,27,Apache Junction,Arizona,USA,85561,33.96905794,-112.7511787,Male,Search
134,135,JOHN GRAY,18,Phoenix,Arizona,USA,85089,33.17966547,-111.2838925,Female,Organic
135,136,ROBERT CLAUDIO,29,Phoenix,Arizona,USA,85015,33.708384,-112.0842448,Female,Email
136,137,RONALD SCOTT,44,Phoenix,Arizona,USA,85039,32.88189762,-113.0008125,Male,Facebook
137,138,MICHAEL WILSON,46,Tucson,Arizona,USA,85043,32.55348727,-113.3834364,Male,Search
138,139,GERALD HARTWELL,23,Surprise,Arizona,USA,85558,33.01137507,-113.0317582,Male,Facebook
139,140,STEPHEN ZAVALA,29,Globe,Arizona,USA,85151,33.7658837,-113.1973918,Male,Email
140,141,CARL GAMEZ,98,Phoenix,Arizona,USA,85069,32.08316615,-110.9890481,Male,Search
141,142,GEORGE ALDERSON,80,Phoenix,Arizona,USA,85040,33.11114835,-111.0036292,Male,Email
142,143,CHRIS YOUNG,22,Phoenix,Arizona,USA,85005,33.83875034,-111.4968,Female,Search
143,144,STEVEN MATTHEWS,44,Tucson,Arizona,USA,85140,33.8698815,-111.0563207,Male,Facebook
144,145,KENNETH GREEN,15,Tucson,Arizona,USA,85082,32.80142616,-112.301042,Male,Organic
145,146,MATTHEW MONTGOMERY,23,Phoenix,Arizona,USA,85059,35.02390145,-114.2645313,Male,Search
146,147,THOMAS PARSONS,22,Phoenix,Arizona,USA,85092,32.53926165,-111.0174743,Male,Display
147,148,CLYDE HARRIS,15,Tucson,Arizona,USA,85130,33.53729994,-111.548569,Male,Display
148,149,ALVIN YANEZ,27,Phoenix,Arizona,USA,85371,33.5790542,-112.7526519,Male,Facebook
149,150,DONALD SOTO,55,Tucson,Arizona,USA,85218,33.77139795,-112.4827888,Male,Organic
150,151,JOHN HAINES,30,Phoenix,Arizona,USA,85259,34.66086818,-112.4689669,Male,Organic
151,152,JERRY RISNER,34,Glendale,Arizona,USA,85175,33.94729822,-111.6352263,Male,Search
152,153,JACK GREEN,15,Phoenix,Arizona,USA,85024,33.91473781,-112.7668123,Male,Facebook
153,154,MATTHEW MONTGOMERY,22,Mesa,Arizona,USA,85302,33.59098887,-112.7908649,Male,Search
154,155,JOHN GALLEGOS,47,Phoenix,Arizona,USA,85020,32.50941698,-111.8454411,Male,Search
155,156,ANTHONY MAGLIONE,43,Tucson,Arizona,USA,85059,32.88715269,-112.3736115,Male,Search
156,157,ROBERT COOLEY,52,Phoenix,Arizona,USA,85168,33.17817994,-112.1482548,Male,Email
157,158,JAKE SMITH,19,Peoria,Arizona,USA,85139,33.2523701,-112.1998696,Male,Organic
158,159,TODD CHITWOOD,35,Phoenix,Arizona,USA,85023,35.00346348,-113.1835551,Male,Search
159,160,JAMES FAVORS,14,Tucson,Arizona,USA,85147,33.70478209,-113.2599159,Male,Facebook
160,161,SCOTT GANNON,24,Phoenix,Arizona,USA,85173,33.970018,-112.0355084,Male,Organic
161,162,BROCK DAMON,19,Tucson,Arizona,USA,85240,33.22365815,-112.2790061,Male,Organic
162,163,ALVIN HAMPTON,13,Yuma,Arizona,USA,85268,33.81149566,-111.9483312,Male,Email
163,164,ADOLPH KERR,19,Phoenix,Arizona,USA,85098,33.38920934,-111.5854459,Male,Organic
164,165,VINCENT HOWARD,23,Scottsdale,Arizona,USA,85479,32.99305628,-111.8374722,Male,Email
165,166,LARRY YATES,23,Mesa,Arizona,USA,85357,32.45363702,-111.505653,Male,Search
166,167,JERRY WALKER,45,Phoenix,Arizona,USA,85073,32.79931411,-110.6299846,Male,Organic
167,168,DONALD CARMICHAEL,62,Tucson,Arizona,USA,85168,33.24431903,-113.170386,Male,Organic
168,169,ERNESTO MILLER,14,Phoenix,Arizona,USA,85071,33.38783245,-112.5408655,Male,Facebook
169,170,WILLIAM GONZALES,14,Phoenix,Arizona,USA,85074,33.38230696,-112.6781874,Male,Search
170,171,EUGENE ANDERSON,30,Lake Havasu City,Arizona,USA,85275,33.50945812,-111.7997148,Male,Search
171,172,CLAY COOK,14,Phoenix,Arizona,USA,85342,33.62736193,-111.7036268,Male,Display
172,173,ELI HOLLOWAY,39,Mesa,Arizona,USA,85597,33.02513158,-112.4053117,Male,Facebook
173,174,ROBERT BRANAM,31,Surprise,Arizona,USA,85706,32.65728473,-111.6159694,Female,Search
174,175,WILLIAM LOFGREN,54,Maricopa,Arizona,USA,85536,33.03445159,-112.9664798,Male,Search
175,176,RICHARD HUGHES,43,Tucson,Arizona,USA,85299,33.70920876,-112.4757156,Male,Email
176,177,JOHN TRIPP,17,Tucson,Arizona,USA,85067,33.43991929,-111.7771184,Male,Organic
177,178,TY LUCAS,78,Tucson,Arizona,USA,85557,33.13514523,-110.99692,Male,Facebook
178,179,MICHAEL WILSON,14,Tempe,Arizona,USA,85041,32.97161579,-113.0908059,Male,Search
179,180,CHESTER HENDON,22,Tucson,Arizona,USA,85080,33.15586081,-113.0530486,Male,Organic
180,181,BRIAN VANWINKLE,21,Phoenix,Arizona,USA,85114,33.37991859,-112.8477941,Male,Organic
181,182,FRANK MONTOYA,24,Peoria,Arizona,USA,85162,32.05864076,-111.7253016,Male,Search
182,183,STEVEN MATTHEWS,22,Phoenix,Arizona,USA,85144,32.56310278,-110.1453007,Male,Search
183,184,CHRISTOPHER RUBALCAVA,59,Phoenix,Arizona,USA,85094,33.49014743,-112.9839766,Male,Display
184,185,PEDRO SHELLENBERGER,12,Phoenix,Arizona,USA,85390,32.83757725,-111.299292,Male,Facebook
185,186,ROBERT RICHEY,28,Tempe,Arizona,USA,85236,32.45285554,-111.0708735,Male,Organic
186,187,DAVID HELMS,35,Phoenix,Arizona,USA,85169,32.27211297,-111.0052404,Male,Email
187,188,BRIAN DAVIS,48,San Luis,Arizona,USA,85568,34.40516423,-111.7999634,Male,Organic
188,189,RONNIE SANTANA,81,Phoenix,Arizona,USA,85204,33.06158124,-111.8509626,Male,Search
189,190,ZACHARY MORRIS,32,Tucson,Arizona,USA,85361,32.88432867,-112.4424248,Male,Facebook
190,191,ROGER HOLDER,33,Phoenix,Arizona,USA,85154,33.17700575,-111.7085815,Male,Organic
191,192,NELSON JONES,26,Phoenix,Arizona,USA,85132,33.48873907,-111.497275,Male,Search
192,193,JAMES NOLL,17,Phoenix,Arizona,USA,85248,31.93644445,-110.0856077,Male,Facebook
193,194,DEREK TAYLOR,41,Avondale,Arizona,USA,85337,33.70802021,-111.8606975,Male,Organic
194,195,ANDREW EUBANKS,22,Phoenix,Arizona,USA,85056,34.27797468,-112.5129782,Male,Search
195,196,BENJAMIN WARD,59,Mesa,Arizona,USA,85187,33.54678361,-112.73592,Male,Organic
196,197,DOUGLAS DOSS,21,Mesa,Arizona,USA,85697,33.84135953,-112.5144138,Male,Search
197,198,ROBERT COOLEY,28,Lake Havasu City,Arizona,USA,85725,33.89919894,-110.9772108,Male,Organic
198,199,ANDREW EUBANKS,65,Scottsdale,Arizona,USA,85149,32.29728098,-112.6460589,Male,Email
199,200,GEORGE ALDERSON,42,Scottsdale,Arizona,USA,85102,32.8924652,-111.0423928,Male,Search
200,201,CHARLES DUBE,58,Mesa,Arizona,USA,85323,33.23041569,-111.710408,Male,Organic
201,202,JAMES HOLLER,17,Phoenix,Arizona,USA,85093,32.57651868,-111.835198,Male,Facebook
202,203,MATTHEW ELLIS,61,Flagstaff,Arizona,USA,85349,32.66150508,-111.3496548,Male,Organic
203,204,RAYMOND COLVIN,13,Peoria,Arizona,USA,85561,34.51736559,-112.7201706,Male,Email
204,205,CLAY COOK,39,Glendale,Arizona,USA,85121,33.43046138,-111.4618931,Male,Organic
205,206,LEMUEL THOMPSON,69,Chandler,Arizona,USA,85293,33.89497019,-111.6076752,Male,Email
206,207,BRETT SMITH,45,Gilbert,Arizona,USA,85387,33.20033311,-111.8817344,Male,Display
207,208,TONY BERRY,14,Gilbert,Arizona,USA,85152,33.24225638,-112.5042986,Male,Organic
208,209,JERRY WALKER,24,Tucson,Arizona,USA,85105,33.21190897,-112.652276,Female,Organic
209,210,DARREN KENNY,32,Phoenix,Arizona,USA,85085,33.46973891,-113.8088367,Male,Organic
210,211,MICHAEL ROBINSON,63,Phoenix,Arizona,USA,85003,32.60351343,-112.9273389,Male,Facebook
211,212,DONALD SANCHEZ,12,Glendale,Arizona,USA,85153,33.99892939,-112.6078484,Male,Email
212,213,NATHAN WILKS,67,Tucson,Arizona,USA,85330,34.09533456,-112.716251,Male,Facebook
213,214,JAMES GUSTAFSON,28,Phoenix,Arizona,USA,85037,34.53950562,-112.6559479,Male,Facebook
214,215,JAMES NOLL,38,Chandler,Arizona,USA,85039,33.39813818,-112.6603824,Female,Facebook
215,216,DARREL GRITTON,46,Tucson,Arizona,USA,85281,33.23732548,-111.9582502,Male,Organic
216,217,MICHAEL MILES,47,Phoenix,Arizona,USA,85087,32.86324455,-111.2866215,Male,Organic
217,218,GUS MATTHEWS,38,Scottsdale,Arizona,USA,85155,32.90265981,-111.5090143,Male,Search
218,219,ESTEBAN TERRY,58,Tucson,Arizona,USA,85123,32.96297774,-112.4720711,Male,Organic
219,220,MAGGIE MALONE,23,Phoenix,Arizona,USA,85034,33.1179377,-111.9277511,Male,Search
220,221,BENJAMIN WARD,26,Scottsdale,Arizona,USA,85713,33.65953618,-111.7015193,Male,Search
221,222,TONY BONEY,45,Gilbert,Arizona,USA,85102,33.80016775,-112.1853822,Male,Facebook
222,223,ROBERT MENDEZ,82,Phoenix,Arizona,USA,85111,32.66043834,-111.5304023,Male,Organic
223,224,FRED ALLEN,65,Phoenix,Arizona,USA,85767,32.84754858,-111.4586582,Male,Organic
224,225,LEON KENNEDY,47,Phoenix,Arizona,USA,85064,32.58090694,-111.7724761,Male,Facebook
225,226,JOHN GRAY,31,Phoenix,Arizona,USA,85010,33.20137623,-112.3579852,Male,Search
226,227,MICHAEL MANNINGS,56,Phoenix,Arizona,USA,85040,33.82593322,-112.4621311,Male,Facebook
227,228,NEAL STEVEN,39,Peoria,Arizona,USA,85088,33.77978895,-112.9999386,Male,Email
228,229,AUGUSTINE MYER,22,Peoria,Arizona,USA,85170,32.25762245,-112.762334,Male,Search
229,230,GREGORY BELANGER,39,Tucson,Arizona,USA,85174,31.79426305,-110.8588478,Male,Facebook
230,231,ELTON STCLAIR,16,Surprise,Arizona,USA,85314,32.79105221,-112.7297123,Male,Email
231,232,CHARLES NATHAN,36,Phoenix,Arizona,USA,85173,32.33815456,-112.2620676,Male,Email
232,233,JAMES HOLLER,63,Phoenix,Arizona,USA,85074,33.96420579,-112.9481556,Male,Organic
233,234,BROCK DAMON,60,Tucson,Arizona,USA,85097,31.6723297,-111.1397352,Male,Search
234,235,JODI QUINTANILLA,52,Phoenix,Arizona,USA,85081,33.34941756,-113.0914395,Male,Email
235,236,MAN VENTURA,29,Surprise,Arizona,USA,85256,33.82104354,-112.7308984,Male,Organic
236,237,HAROLD HENDRICKS,23,Tucson,Arizona,USA,85553,31.96810237,-112.0623489,Male,Display
237,238,GLEN COX,54,Phoenix,Arizona,USA,85145,34.03374825,-112.4109918,Male,Organic
238,239,JAMES BARLOW,19,Glendale,Arizona,USA,85475,33.77060133,-110.5258081,Male,Facebook
239,240,ELTON STCLAIR,12,Phoenix,Arizona,USA,85058,32.8752645,-112.376354,Male,Search
240,241,WILLIAM DAWSON,16,Phoenix,Arizona,USA,85193,33.75474689,-112.4064471,Male,Organic
241,242,CLARENCE JUDE,24,Phoenix,Arizona,USA,85148,33.60157346,-112.5115996,Male,Organic
242,243,ANTHONY CLARK,40,Tucson,Arizona,USA,85025,33.08031984,-112.4706432,Male,Search
243,244,MICHAEL MCMAHAN,63,Sierra Vista,Arizona,USA,85945,33.44789537,-111.3032653,Male,Search
244,245,SEAN BLEVINS,44,Tucson,Arizona,USA,85258,33.78955758,-111.8825555,Male,Facebook
245,246,HENRY HASSELL,62,Glendale,Arizona,USA,85154,32.78383528,-112.1121353,Male,Display
246,247,DARREN POOLE,30,Tucson,Arizona,USA,85147,33.64298207,-111.8669072,Male,Search
247,248,EDDIE CLACK,71,Glendale,Arizona,USA,85515,32.26308305,-111.6920149,Male,Search
248,249,CARMELLA THOMPSON,24,Tucson,Arizona,USA,85314,33.07325255,-112.5655127,Male,Facebook
249,250,LARRY COLE,62,Phoenix,Arizona,USA,85218,32.3350218,-110.7890642,Male,Organic
250,251,JAMES GREENE,68,Tucson,Arizona,USA,85030,33.45707107,-111.8284137,Male,Organic
251,252,JAMES CALDWELL,80,Phoenix,Arizona,USA,85076,33.61987005,-111.2134271,Male,Search
252,253,ANDREW MICKEL,65,Gilbert,Arizona,USA,85228,32.8117656,-111.3676339,Male,Search
253,254,DAVID ROLLER,41,Phoenix,Arizona,USA,85231,33.05821584,-112.0277834,Male,Search
254,255,TRACY BROWNING,40,Tucson,Arizona,USA,85034,32.55422857,-111.4803756,Male,Display
255,256,JOHN GALLEGOS,23,Phoenix,Arizona,USA,85363,33.66136898,-111.9525114,Male,Email
256,257,JEFFREY MCMAHON,18,Phoenix,Arizona,USA,85017,32.85956795,-112.4700234,Female,Display
257,258,ANTON BENITEZ,19,Glendale,Arizona,USA,85289,32.52976539,-112.0708787,Male,Organic
258,259,MILDRED BROWN,34,El Mirage,Arizona,USA,85242,33.58041572,-112.3139469,Male,Search
259,260,KENNETH LEWIS,20,Phoenix,Arizona,USA,85225,34.55006934,-112.3542336,Male,Email
260,261,ANTONETTE JOHNSON,13,Phoenix,Arizona,USA,85328,33.71044355,-112.5037262,Male,Facebook
261,262,VINCENT HOWARD,19,Phoenix,Arizona,USA,85221,32.22632024,-112.3974502,Male,Facebook
262,263,WILLIAM DAWSON,26,Gilbert,Arizona,USA,85817,33.33326737,-111.4491738,Male,Organic
263,264,MARC BAKER,15,Phoenix,Arizona,USA,85246,34.03278031,-112.1282623,Male,Search
264,265,CHERYL ORTIZ,96,Mesa,Arizona,USA,85249,34.24261593,-112.2798356,Male,Search
265,266,CARLOS RILEY,58,Tucson,Arizona,USA,85101,33.55905608,-112.0088148,Male,Search
266,267,ROGER HOLDER,54,Sierra Vista,Arizona,USA,85863,33.29977968,-111.9635448,Male,Search
267,268,MELVIN JOHNSON,31,Phoenix,Arizona,USA,85057,33.28304588,-112.4086496,Female,Display
268,269,ADAM FIELDS,31,Chandler,Arizona,USA,85443,33.11558698,-111.2596811,Male,Organic
269,270,CHRISTOPHER MURDOCK,94,Tucson,Arizona,USA,85301,33.29082535,-113.50566,Male,Organic
270,271,TYRON GALVAN,52,Glendale,Arizona,USA,85562,33.87293739,-113.0370859,Male,Organic
271,272,JAMES JAMES,59,Phoenix,Arizona,USA,85052,32.02199672,-110.8126228,Male,Facebook
272,273,CARLTON MCKNIGHT,26,Tempe,Arizona,USA,85390,33.76507415,-110.5820366,Male,Facebook
273,274,MAURICE YAZZIE,46,Mesa,Arizona,USA,85455,32.74549627,-111.4925701,Male,Display
274,275,MITCHELL WASHINGTON,30,Chandler,Arizona,USA,85410,33.11958945,-112.6777142,Male,Organic
275,276,JOSEPH CHUNG,63,Mesa,Arizona,USA,85294,33.37451145,-111.5851118,Male,Facebook
276,277,ERWIN ZIMMERMAN,57,Phoenix,Arizona,USA,85093,33.32403557,-113.2131573,Male,Organic
277,278,FRANK LOMBARDO,20,Mesa,Arizona,USA,85149,32.84426338,-111.912019,Male,Display
278,279,ANDREW HARRIS,69,Mesa,Arizona,USA,85232,32.12071337,-111.8345583,Male,Organic
279,280,DONALD ELLS,21,Flagstaff,Arizona,USA,85516,33.14052983,-110.1235248,Male,Search
280,281,MICHAEL NORRIS,31,Phoenix,Arizona,USA,85081,32.49541298,-111.313492,Male,Facebook
281,282,ANDREW LENARD,13,Bullhead City,Arizona,USA,85177,32.49426639,-112.5503441,Male,Email
282,283,MICHAEL WILSON,80,Peoria,Arizona,USA,85498,33.39971375,-111.5704186,Male,Search
283,284,STEVEN SHOEMAKER,16,Chandler,Arizona,USA,85679,33.58852486,-111.900092,Male,Search
284,285,CARL STILLMAN,38,Yuma,Arizona,USA,85499,33.29072026,-112.6005281,Male,Facebook
285,286,CARLOS YOUNG,21,Peoria,Arizona,USA,85296,32.24126727,-112.4543756,Male,Search
286,287,DUSTIN LONG,41,Tucson,Arizona,USA,85232,34.5268401,-112.6759718,Male,Search
287,288,DONALD CARTER,27,Tucson,Arizona,USA,85127,32.98809659,-112.1850138,Male,Email
288,289,ROBERT LISLE,39,Tucson,Arizona,USA,85116,34.58247806,-112.9168344,Male,Organic
289,290,DONALD BEAUDRY,13,Tucson,Arizona,USA,85333,33.50018441,-113.4359331,Male,Search
290,291,JEFFREY ROBITAILLE,57,Phoenix,Arizona,USA,85460,32.96455635,-112.2739529,Male,Organic
291,292,CARL STILLMAN,85,Mesa,Arizona,USA,85182,34.09128193,-112.4925799,Male,Email
292,293,JOHN GALLEGOS,21,Lake Havasu City,Arizona,USA,85711,34.30161749,-112.329235,Male,Organic
293,294,RON DECARO,36,Goodyear,Arizona,USA,85256,33.27545291,-112.9294408,Male,Organic
294,295,JOSEPH STREICHER,36,Phoenix,Arizona,USA,85036,33.02754059,-113.0994202,Male,Search
295,296,CARLOS KEY,14,Glendale,Arizona,USA,85030,32.91026127,-111.9021831,Male,Organic
296,297,ERNESTO MILLER,44,Mesa,Arizona,USA,85271,33.65922449,-111.2603294,Male,Facebook
297,298,RALPH MULLINS,63,Tempe,Arizona,USA,85724,33.99596545,-112.059588,Male,Facebook
298,299,FRANCIS SHARP,57,Tucson,Arizona,USA,85086,33.17816675,-111.5676197,Male,Organic
299,300,JOSEPH CURRY,29,Phoenix,Arizona,USA,85413,33.52744846,-112.2833348,Male,Email
300,301,WAYNE MURPHY,40,Phoenix,Arizona,USA,85086,32.50158423,-112.4527883,Male,Facebook
301,302,ERNEST BLACK,55,Phoenix,Arizona,USA,85298,33.20855377,-112.5673405,Male,Search
302,303,TONYA GRIMM,42,Tucson,Arizona,USA,85160,33.22593438,-109.8448576,Male,Organic
303,304,JASON COLLIER,25,Sahuarita,Arizona,USA,85697,33.45925434,-112.2214485,Male,Organic
304,305,DONALD SOTO,12,Tempe,Arizona,USA,85161,33.08386706,-112.6181992,Male,Organic
305,306,AARON ANDERSON,50,Sierra Vista,Arizona,USA,85378,33.84440318,-111.7320515,Male,Search
306,307,MICHEAL SEGURA,17,Tempe,Arizona,USA,85536,32.44260869,-111.6313697,Male,Facebook
307,308,WILLIAM SIMMONS,55,Tucson,Arizona,USA,85406,33.11843505,-112.4535302,Male,Organic
308,309,TIM SCOTT,16,Tempe,Arizona,USA,85473,33.38874493,-112.2159927,Male,Facebook
309,310,ADRIAN DONNELL,40,Tucson,Arizona,USA,85551,33.2137275,-111.4818932,Male,Facebook
310,311,TY KELTNER,16,Tucson,Arizona,USA,85273,33.14926997,-112.3802221,Male,Email
311,312,STEVEN KIM,23,Sierra Vista,Arizona,USA,85199,33.74566255,-111.5542057,Male,Search
312,313,GILBERT HARRIS,19,Maricopa,Arizona,USA,85545,32.66256926,-111.3759308,Male,Organic
313,314,SAMUEL KAHL,79,Tucson,Arizona,USA,85299,34.30663721,-113.1792868,Male,Organic
314,315,JOHN GALLEGOS,63,Phoenix,Arizona,USA,85025,33.44295388,-113.379426,Female,Organic
315,316,BARRY ADKINS,30,Phoenix,Arizona,USA,85321,32.87213044,-113.1667309,Male,Organic
316,317,RONNIE SANTANA,66,Goodyear,Arizona,USA,85803,32.03872475,-111.5602137,Male,Organic
317,318,ERICK DICKSON,36,Lake Havasu City,Arizona,USA,85347,33.48172913,-111.0432236,Male,Organic
318,319,RONALD SCOTT,29,Phoenix,Arizona,USA,85084,33.83564693,-113.6094865,Male,Email
319,320,BILLY BAILEY,40,Phoenix,Arizona,USA,85375,33.59499207,-111.6643517,Male,Organic
320,321,MARIE ADAMS,30,Peoria,Arizona,USA,85227,33.59317725,-112.0044373,Male,Email
321,322,MICHAEL MORROW,16,Tucson,Arizona,USA,85094,33.31166741,-112.2732558,Male,Organic
322,323,GERALD HARTWELL,28,Surprise,Arizona,USA,85421,33.46927927,-111.845996,Male,Facebook
323,324,LUIS DALRYMPLE,32,Tempe,Arizona,USA,85301,34.57083406,-112.4167869,Male,Organic
324,325,WILLIE HUFFMAN,57,Peoria,Arizona,USA,85127,31.94719808,-111.8065015,Male,Organic
325,326,CLAYTON FEHR,55,Phoenix,Arizona,USA,85137,31.55955866,-111.0314423,Male,Search
326,327,TYRON GALVAN,50,Phoenix,Arizona,USA,85445,33.97262511,-111.9740481,Male,Display
327,328,GREGORY LAWRENCE,32,Tucson,Arizona,USA,85133,33.79064601,-112.4844443,Male,Organic
328,329,JEREMY AMAYA,21,Glendale,Arizona,USA,85176,33.65953759,-112.367978,Male,Search
329,330,ROBERT ORNELAS,51,Fountain Hills,Arizona,USA,85285,33.40002725,-113.0822294,Male,Facebook
330,331,DANIEL ANDERSEN,17,Tucson,Arizona,USA,85084,32.22112297,-113.1265374,Male,Search
331,332,LEROY MOYA,15,Chandler,Arizona,USA,85230,32.27195274,-111.1033513,Male,Search
332,333,LANCE HENRY,19,Tucson,Arizona,USA,85163,33.00970286,-111.2698512,Male,Organic
333,334,ANDREW BUTLER,53,Phoenix,Arizona,USA,85530,31.73191362,-112.0986023,Male,Organic
334,335,KARL FRANK,37,Scottsdale,Arizona,USA,85304,33.43923711,-113.1641512,Male,Display
335,336,DWIGHT WELDON,21,Tucson,Arizona,USA,85330,33.35057601,-112.1640507,Male,Facebook
336,337,CHRISTOPHER EDDINGS,21,Tucson,Arizona,USA,85178,32.7968974,-112.1986722,Male,Organic
337,338,ARTHUR NELSON,33,Surprise,Arizona,USA,85900,34.28812888,-112.244732,Female,Organic
338,339,EDISON CHRISTIAN,19,Tucson,Arizona,USA,85216,32.70200688,-112.0588147,Male,Email
339,340,MATTHEW MANN,24,Tempe,Arizona,USA,85392,32.8638846,-111.6551344,Male,Organic
340,341,ARTHUR HENDERSON,27,Phoenix,Arizona,USA,85024,32.93373616,-113.3602364,Male,Facebook
341,342,JEFFREY EVANS,42,Avondale,Arizona,USA,85568,33.05201735,-112.8424982,Male,Search
342,343,CURTIS TURNER,48,Phoenix,Arizona,USA,85153,32.88720238,-112.1722674,Female,Organic
343,344,DANIEL DOMINGUEZ,15,Mesa,Arizona,USA,85291,33.2293847,-113.1583677,Male,Facebook
344,345,MICHAEL MANNINGS,61,Phoenix,Arizona,USA,85102,33.14309003,-111.1763909,Male,Organic
345,346,ANTHONY PHILLIPS,56,Tucson,Arizona,USA,85167,33.51395351,-111.6768115,Male,Organic
346,347,JOHN TROLLINGER,15,Glendale,Arizona,USA,85192,32.42752959,-111.1052503,Male,Search
347,348,KURT BILLINGS,68,Tucson,Arizona,USA,85334,33.7850546,-111.6515835,Male,Organic
348,349,JOHN BALL,37,Douglas,Arizona,USA,85294,33.63127124,-112.2279187,Male,Organic
349,350,MARIO LEAR,15,Tucson,Arizona,USA,85639,34.91434198,-113.2928425,Male,Organic
350,351,GROVER CARSON,18,Chandler,Arizona,USA,85783,32.83529716,-110.9171645,Male,Display
351,352,ARTHUR CANNON,55,Phoenix,Arizona,USA,85048,33.69879378,-112.3895026,Male,Facebook
352,353,JOHN COOK,37,Gilbert,Arizona,USA,85100,34.02011861,-111.5697911,Male,Facebook
353,354,JEREMY MARTIN,12,Phoenix,Arizona,USA,85029,32.89381854,-111.478364,Female,Organic
354,355,JOSEPH YOUNG,25,Cottonwood,Arizona,USA,85455,32.39372103,-111.3301201,Male,Search
355,356,DENA AINSWORTH,51,Tucson,Arizona,USA,85378,32.61117011,-112.9615038,Male,Email
356,357,CHRISTOPHER LITTLE,63,Peoria,Arizona,USA,85254,33.93973774,-112.3859327,Male,Search
357,358,RICHARD COLEMAN,84,Glendale,Arizona,USA,85487,34.08053731,-112.3457351,Male,Search
358,359,TONY BONEY,25,Glendale,Arizona,USA,85504,32.80388773,-111.1538996,Male,Email
359,360,ARTHUR HENDERSON,45,Scottsdale,Arizona,USA,85281,33.48867836,-112.8632582,Male,Organic
360,361,ALFREDO LEE,15,Prescott,Arizona,USA,85353,34.72211194,-113.0429752,Male,Organic
361,362,DWIGHT WELDON,30,Tucson,Arizona,USA,85356,33.23196288,-111.218405,Male,Organic
362,363,VANESSA TELLO,36,Mesa,Arizona,USA,85444,33.74613415,-113.0540372,Male,Search
363,364,JAMES FAVORS,27,Gilbert,Arizona,USA,85467,32.53068074,-111.3972118,Male,Display
364,365,PAUL KIRBY,41,Tucson,Arizona,USA,85154,32.62799497,-112.2721312,Male,Facebook
365,366,EUGENE NUMBERS,50,Glendale,Arizona,USA,85488,33.91323736,-112.2457242,Male,Email
366,367,ROBERT LAY,23,Phoenix,Arizona,USA,85364,33.36647999,-112.3759636,Male,Display
367,368,MICHAEL JOHNSON,63,Tucson,Arizona,USA,85135,32.84097273,-110.386012,Male,Facebook
368,369,THOMAS PARSONS,22,Tucson,Arizona,USA,85072,33.78254864,-112.1294587,Male,Organic
369,370,JACK LUM,40,Scottsdale,Arizona,USA,85479,34.32778217,-112.8141498,Male,Display
370,371,ALBERT GAITAN,36,Mesa,Arizona,USA,85159,32.34511946,-110.8325839,Male,Facebook
371,372,BILLY BAILEY,58,Glendale,Arizona,USA,85676,32.46232946,-111.2203036,Male,Organic
372,373,DAN CHOI,55,Glendale,Arizona,USA,85235,33.02521048,-112.5243784,Male,Search
373,374,KARL FRANK,23,Gilbert,Arizona,USA,85304,32.7838213,-112.3084958,Male,Organic
374,375,JEFFREY SCHROEDER,43,Tempe,Arizona,USA,85351,33.8658421,-113.0006134,Male,Search
375,376,MARK BISHOP,90,Mesa,Arizona,USA,85376,33.4184005,-111.691845,Male,Search
376,377,JOSE NAVARRO,47,Gilbert,Arizona,USA,85291,32.59041359,-112.4508553,Male,Organic
377,378,HENRY HASSELL,53,Mesa,Arizona,USA,85300,33.15215895,-111.8271672,Male,Organic
378,379,WILBUR TIDWELL,14,Scottsdale,Arizona,USA,85085,33.46589299,-112.1286366,Male,Search
379,380,BRIAN VANWINKLE,66,Prescott,Arizona,USA,85361,33.10279662,-111.5735071,Male,Facebook
380,381,MICHAEL WILSON,19,Avondale,Arizona,USA,85569,33.44934096,-111.6334339,Male,Facebook
381,382,ERNEST BLACK,14,Gilbert,Arizona,USA,85393,34.06248795,-111.7663174,Male,Facebook
382,383,CHRISTOPHER JOHNSON,19,Gilbert,Arizona,USA,85402,32.78866082,-113.0469754,Male,Search
383,384,STEPHEN ZAVALA,53,Phoenix,Arizona,USA,85119,33.26818749,-112.1897594,Female,Organic
384,385,CHRIS LARSON,27,Maricopa,Arizona,USA,85510,33.43408993,-111.4385542,Male,Email
385,386,JOSEPH HANSON,40,Phoenix,Arizona,USA,85355,33.46790313,-112.3397246,Female,Organic
386,387,JOHN WHITACRE,40,Glendale,Arizona,USA,85341,33.42567071,-112.7002522,Male,Email
387,388,KEVIN REUTER,25,Casa Grande,Arizona,USA,85190,33.49150271,-111.9969913,Male,Facebook
388,389,ROBERT SKINNER,27,Flagstaff,Arizona,USA,85457,31.93102689,-111.4586725,Male,Facebook
389,390,RANDOLPH BARRY,57,Tucson,Arizona,USA,85504,32.85860251,-111.7219518,Male,Search
390,391,ROBERT HARPER,17,Surprise,Arizona,USA,85726,33.38443037,-111.5458308,Male,Search
391,392,RODNEY PENNY,24,Prescott Valley,Arizona,USA,85433,33.76179479,-111.6952883,Male,Search
392,393,KENNETH DEJESUS,32,Mesa,Arizona,USA,85290,33.38120273,-112.0041146,Male,Search
393,394,MONTY PERKINS,36,Phoenix,Arizona,USA,85408,33.59297592,-111.7480231,Male,Facebook
394,395,DARREN POOLE,23,Douglas,Arizona,USA,85643,32.70931962,-111.7564245,Male,Organic
395,396,JASON KELLERMAN,67,Tucson,Arizona,USA,85092,33.68970181,-113.2267114,Male,Organic
396,397,GLENN ROBERTSON,27,Gilbert,Arizona,USA,85520,34.24696993,-113.5434365,Male,Facebook
397,398,ANTONETTE JOHNSON,34,Tucson,Arizona,USA,85136,32.45298305,-111.2006716,Male,Email
398,399,JAMES EVANS,53,Phoenix,Arizona,USA,85009,33.00552781,-113.2184024,Male,Organic
399,400,MICHEAL RODRIGUEZ,40,Tucson,Arizona,USA,85120,33.55438137,-111.3199188,Male,Organic
400,401,ELTON STCLAIR,45,Tucson,Arizona,USA,85123,33.55212165,-112.9341349,Male,Organic
401,402,JAMES BAKER,62,Phoenix,Arizona,USA,85061,33.67613751,-112.6697718,Female,Search
402,403,WILLIAM SIMMONS,26,Maricopa,Arizona,USA,85314,33.47146009,-112.3504703,Male,Search
403,404,ELI HOLLOWAY,18,Peoria,Arizona,USA,85252,32.27137308,-111.1297262,Male,Organic
404,405,NICOLAS DOWNING,42,Goodyear,Arizona,USA,85725,33.85978651,-113.056643,Male,Organic
405,406,JORGE GOODWIN,35,Peoria,Arizona,USA,85342,32.57152943,-111.3191299,Male,Organic
406,407,HUGH LONG,28,Tucson,Arizona,USA,85291,32.41798711,-111.7232266,Male,Search
407,408,WILLIAM NEALON,37,Flagstaff,Arizona,USA,85584,33.66674504,-113.0337692,Female,Search
408,409,ROBERT HOFFER,29,Lake Havasu City,Arizona,USA,85434,33.21909975,-113.3056471,Male,Organic
409,410,GEORGE SICARD,31,Peoria,Arizona,USA,85304,32.64438298,-111.6671218,Male,Organic
410,411,CURTIS LOWERY,15,Tucson,Arizona,USA,85299,33.35311866,-111.1578154,Male,Email
411,412,RICHARD MCKINNEY,20,Peoria,Arizona,USA,85650,32.75050899,-111.8528898,Male,Organic
412,413,HENRY PRESTON,25,Avondale,Arizona,USA,85435,33.60205871,-112.1575868,Male,Facebook
413,414,TIMOTHY WILLIAMSON,69,Tempe,Arizona,USA,85471,33.95692023,-112.3953922,Male,Search
414,415,TUAN TINKHAM,83,Tucson,Arizona,USA,85191,32.5654423,-113.3144733,Male,Organic
415,416,BENJAMIN WARD,59,Chandler,Arizona,USA,85274,33.36954382,-111.9495905,Female,Search
416,417,PETER GASTON,23,Lake Havasu City,Arizona,USA,85339,34.23192019,-111.992849,Male,Search
417,418,JEREMY MARTIN,38,Scottsdale,Arizona,USA,85534,32.77495685,-111.3984662,Male,Organic
418,419,ADAM SNOW,23,Phoenix,Arizona,USA,85014,32.46171358,-112.3993896,Female,Facebook
419,420,SAMUEL KAHL,34,Tucson,Arizona,USA,85288,33.27817457,-112.4924923,Male,Organic
420,421,JOSEPH MILLS,81,Phoenix,Arizona,USA,85207,32.72535732,-112.2825319,Male,Display
421,422,JOHN GRAY,37,Tucson,Arizona,USA,85516,33.88820512,-112.5684134,Male,Facebook
422,423,SANTO GOMEZ,23,Tucson,Arizona,USA,85188,33.33501759,-111.7133141,Male,Facebook
423,424,DUSTIN LONG,32,Tucson,Arizona,USA,85654,33.78656916,-112.427516,Male,Organic
424,425,ROBERT ORNELAS,17,Tucson,Arizona,USA,85134,33.45485233,-113.0409736,Male,Organic
425,426,EUGENE ANDERSON,69,Phoenix,Arizona,USA,85542,33.38608957,-112.4005058,Male,Email
426,427,LEROY WILLIAMS,71,Phoenix,Arizona,USA,85053,32.57504437,-112.6449442,Male,Organic
427,428,ARTHUR CANNON,13,Mesa,Arizona,USA,85447,33.26812727,-112.7916794,Male,Organic
428,429,WALTER ARNOLD,15,Gilbert,Arizona,USA,85582,33.28786431,-112.7549094,Male,Organic
429,430,TYRON GALVAN,39,Peoria,Arizona,USA,85097,33.00325885,-112.0382093,Male,Organic
430,431,PETER GASTON,76,Casa Grande,Arizona,USA,85332,33.81114959,-112.0197009,Male,Organic
431,432,STEVEN SCRUGGS,54,Phoenix,Arizona,USA,85003,32.48726153,-112.2782575,Female,Organic
432,433,FRANK GILBERT,41,Phoenix,Arizona,USA,85019,33.89737186,-111.9189578,Female,Organic
433,434,RAYMOND DAHL,52,Tucson,Arizona,USA,85223,33.80691822,-113.3560921,Male,Facebook
434,435,JEREMY MORGAN,26,Phoenix,Arizona,USA,85208,32.82746446,-111.7864229,Male,Facebook
435,436,ANTHONY PHILLIPS,36,Tucson,Arizona,USA,85181,33.45994362,-112.3976678,Female,Facebook
436,437,DEREK TAYLOR,55,Mesa,Arizona,USA,85380,31.56470091,-110.414444,Male,Organic
437,438,GUILLERMO MARX,44,Yuma,Arizona,USA,85282,33.66923749,-111.9964467,Male,Facebook
438,439,GEORGE SICARD,34,Phoenix,Arizona,USA,85258,32.53549689,-110.4250023,Male,Facebook
439,440,JEFFREY PAVONE,25,Douglas,Arizona,USA,85346,32.59451463,-111.4503587,Male,Organic
440,441,DANIEL ANDERSEN,77,Peoria,Arizona,USA,85295,33.31308608,-112.1722657,Female,Organic
441,442,FRANK MONTOYA,49,Mesa,Arizona,USA,85181,33.23009025,-111.2551533,Male,Organic
442,443,ANTHONY SAMPSON,55,Phoenix,Arizona,USA,85264,33.57153791,-112.1577799,Male,Search
443,444,NICK HENSON,55,Tucson,Arizona,USA,85563,31.4560015,-112.2537769,Male,Organic
444,445,JOSEPH EVANS,26,Flagstaff,Arizona,USA,85481,32.81127572,-111.5675311,Male,Organic
445,446,AARON ANDERSON,23,Chandler,Arizona,USA,85159,33.64214325,-112.662085,Female,Organic
446,447,JOSEPH BALLARD,17,Gilbert,Arizona,USA,85424,32.99363264,-112.6696067,Male,Facebook
447,448,DANNY HARRISON,50,Avondale,Arizona,USA,85569,34.22495404,-111.5478854,Male,Email
448,449,JOHN DANIEL,37,Tucson,Arizona,USA,85245,32.89131659,-112.6847425,Male,Facebook
449,450,ESTEBAN TERRY,32,Lake Havasu City,Arizona,USA,85889,32.5409019,-110.8490013,Male,Organic
450,451,BENJAMIN SWINDLE,23,Tucson,Arizona,USA,85078,32.66381818,-112.2725212,Male,Organic
451,452,FRANK PONTIFF,54,Chandler,Arizona,USA,85105,33.58452906,-112.9904025,Female,Organic
452,453,RANDY OGILVIE,26,Avondale,Arizona,USA,85323,33.85041892,-112.6001815,Male,Organic
453,454,RICHARD WALKER,31,Scottsdale,Arizona,USA,85121,34.01211689,-112.0651651,Male,Facebook
454,455,ADOLPH KERR,55,Tucson,Arizona,USA,85505,33.41964256,-111.316692,Male,Organic
455,456,RON DECARO,14,Tempe,Arizona,USA,85334,33.35305582,-111.9866905,Male,Organic
456,457,JACK HOLT,15,El Mirage,Arizona,USA,85642,33.11806267,-113.074067,Male,Organic
457,458,CHAD MCGUIRE,49,Scottsdale,Arizona,USA,85906,33.44096379,-112.9036293,Male,Search
458,459,DAVID MILES,15,Phoenix,Arizona,USA,85731,33.03722146,-111.009301,Male,Facebook
459,460,LAWRENCE COLEMAN,17,Tucson,Arizona,USA,85152,33.34299054,-112.2217748,Male,Search
460,461,SUSAN GONZALES,74,Apache Junction,Arizona,USA,85764,33.06529423,-110.8651521,Male,Search
461,462,TRACY RINKER,58,Phoenix,Arizona,USA,85167,34.23103159,-111.8988039,Male,Search
462,463,ELLIOTT HAZZARD,34,Tempe,Arizona,USA,85479,32.93310229,-112.8432766,Male,Organic
463,464,DANIEL BARAN,17,Prescott,Arizona,USA,85123,34.22049285,-113.621157,Male,Search
464,465,MITCHELL WASHINGTON,19,Prescott,Arizona,USA,85981,33.46328447,-112.0490268,Male,Facebook
465,466,ROBERT HARPER,29,Bullhead City,Arizona,USA,85175,32.36448633,-110.8373892,Male,Organic
466,467,ALLEN GOLDSMITH,37,Tucson,Arizona,USA,85048,31.75653065,-111.2467308,Male,Organic
467,468,LARRY ROBINSON,21,Phoenix,Arizona,USA,85326,33.32096888,-113.9790792,Male,Search
468,469,WILLIE ROCHA,63,Gilbert,Arizona,USA,85961,32.64084584,-110.400298,Male,Search
469,470,BRYAN FLORENCE,22,Tempe,Arizona,USA,85707,32.1637849,-110.7251098,Male,Email
470,471,TROY WOODFORD,61,Glendale,Arizona,USA,85179,32.96582484,-112.9632602,Male,Search
471,472,GEORGE TAYLOR,28,Tempe,Arizona,USA,85496,34.03506478,-112.9147155,Male,Search
472,473,NATHANIEL LEWIS,41,Mesa,Arizona,USA,85427,33.40021732,-113.6325452,Male,Organic
473,474,DANIEL HOEPPNER,33,Sierra Vista,Arizona,USA,85543,33.38773806,-111.4609214,Male,Organic
474,475,DONALD ALLEN,48,Tempe,Arizona,USA,85504,33.94235968,-111.7475053,Male,Organic
475,476,KEITH VIERA,31,Phoenix,Arizona,USA,85381,32.58886291,-111.3846391,Male,Organic
476,477,WALLACE SPRINGER,56,Gilbert,Arizona,USA,85311,33.47371932,-111.9839506,Male,Facebook
477,478,CARL GAMEZ,45,Prescott,Arizona,USA,85571,33.55890955,-111.8876082,Male,Search
478,479,SEAN GILLESPIE,31,Phoenix,Arizona,USA,85256,33.34634077,-111.4633508,Male,Organic
479,480,ADAM SNOW,18,Goodyear,Arizona,USA,85681,33.10090498,-112.523471,Male,Search
480,481,DANIEL BRICKER,22,Glendale,Arizona,USA,85089,33.07091077,-112.1074038,Male,Organic
481,482,GERALD SMITH,17,Tucson,Arizona,USA,85736,33.39892645,-112.5875297,Male,Organic
482,483,TONY BONEY,46,Phoenix,Arizona,USA,85020,32.84512008,-111.2908484,Female,Organic
483,484,MELVIN JOHNSON,55,Peoria,Arizona,USA,85444,33.65567684,-110.9554277,Male,Search
484,485,ALFONSO ANDERSON,15,Phoenix,Arizona,USA,85041,32.8447032,-111.8878658,Male,Email
485,486,JEFFREY RODRIGUEZ,41,Mesa,Arizona,USA,85421,32.75854229,-112.974719,Male,Display
486,487,MICHAEL ROBINSON,69,Peoria,Arizona,USA,85708,33.61344912,-112.6677607,Male,Organic
487,488,JEFFREY FRIEND,33,Lake Havasu City,Arizona,USA,85598,34.49970525,-112.5857765,Male,Search
488,489,EDWARD SURRATT,12,Glendale,Arizona,USA,85234,32.81668977,-112.1222119,Male,Organic
489,490,JOHN WHITE,61,Glendale,Arizona,USA,85346,33.34617675,-111.1367096,Male,Organic
490,491,MATTHEW MANN,59,Tucson,Arizona,USA,85255,33.09551696,-112.0251309,Male,Organic
491,492,TODD CHITWOOD,49,Phoenix,Arizona,USA,85232,33.30608551,-111.6775279,Male,Organic
492,493,JAMES COCHRAN,46,Apache Junction,Arizona,USA,85445,33.24256041,-111.9737166,Male,Display
493,494,ERIN GASKINS,20,Gilbert,Arizona,USA,85507,31.65461412,-111.7280276,Male,Facebook
494,495,ROBERT LISLE,45,Surprise,Arizona,USA,85172,32.7054713,-110.6869689,Male,Facebook
495,496,ANTONETTE JOHNSON,17,Phoenix,Arizona,USA,85015,33.24156625,-112.0947257,Male,Facebook
496,497,ELLIOTT HAZZARD,63,Phoenix,Arizona,USA,85315,34.36898144,-111.8326057,Male,Search
497,498,JOSEPH EVANS,46,Tempe,Arizona,USA,85373,33.17159445,-112.8544504,Male,Search
498,499,ALLISON GOFORTH,37,El Mirage,Arizona,USA,85844,34.88211319,-112.3189329,Male,Search
499,500,ROY SPAULDING,42,Phoenix,Arizona,USA,85557,33.28001665,-111.9047323,Male,Search
500,501,CARL SILVA,40,Sahuarita,Arizona,USA,85292,33.1869886,-111.3964024,Male,Organic
501,502,JAMES ANDERSON,24,Phoenix,Arizona,USA,85219,33.95469025,-111.951203,Male,Search
502,503,FERNANDO GEE,31,Phoenix,Arizona,USA,85100,32.99644313,-112.3354145,Male,Display
503,504,CHRISTOPHER WOODS,17,Phoenix,Arizona,USA,85514,33.50751549,-111.8476343,Male,Search
504,505,JESUS WILLIAMS,31,Tucson,Arizona,USA,85454,32.51408169,-112.3686127,Male,Search
505,506,JUAN BILLINGS,24,Mesa,Arizona,USA,85273,34.41473584,-112.3684847,Male,Facebook
506,507,ROBERT NOEL,15,Lake Havasu City,Arizona,USA,86180,33.16011757,-111.3541889,Male,Display
507,508,KENNETH JOHNSON,65,Scottsdale,Arizona,USA,85386,33.13636297,-111.6134508,Male,Facebook
508,509,JAMES MENZEL,18,Tempe,Arizona,USA,85844,32.91570496,-111.6206989,Male,Organic
509,510,PHILIP ECKERT,58,Phoenix,Arizona,USA,85400,33.42038567,-111.6856534,Male,Email
510,511,CURTIS CARDENAS,70,Tucson,Arizona,USA,85099,32.57777896,-112.3356332,Male,Search
511,512,WILLIAM MCCORMICK,13,Peoria,Arizona,USA,85740,34.26538136,-111.8813155,Male,Facebook
512,513,PATRICK ROBINSON,64,Mesa,Arizona,USA,85307,32.98190282,-112.3477655,Male,Email
513,514,STEPHEN ZAVALA,38,Mesa,Arizona,USA,85124,32.56655158,-112.0279939,Male,Facebook
514,515,EDWARD MARTINEZ,66,Tucson,Arizona,USA,85371,32.49983259,-111.7413985,Male,Organic
515,516,CHARLES SAUNDERS,30,Tucson,Arizona,USA,85220,33.26522585,-111.9331607,Female,Search
516,517,DANIEL NAGLE,17,Lake Havasu City,Arizona,USA,85370,34.05812982,-112.7275845,Male,Organic
517,518,DANIEL PONCE,19,Tucson,Arizona,USA,85206,32.92368,-111.3582737,Male,Facebook
518,519,DONALD DONOVAN,28,Peoria,Arizona,USA,85336,34.28584043,-111.9712797,Female,Organic
519,520,JAMES JONES,18,Tempe,Arizona,USA,85249,34.17635193,-112.1042644,Male,Facebook
520,521,DEREK REAMES,31,Phoenix,Arizona,USA,85308,32.75687152,-111.4415792,Male,Email
521,522,TED TOLEDO,38,Phoenix,Arizona,USA,85182,33.84581408,-112.7943179,Male,Facebook
522,523,DONALD CARTER,52,Peoria,Arizona,USA,85370,33.87120917,-112.6314092,Male,Organic
523,524,TIM SCOTT,51,Phoenix,Arizona,USA,85331,32.52717155,-111.4728648,Male,Organic
524,525,MIKE PAIGE,92,Phoenix,Arizona,USA,85080,32.93995152,-111.335947,Female,Organic
525,526,DAVID HUFF,36,Gilbert,Arizona,USA,85072,32.50023759,-111.7192791,Male,Organic
526,527,MICHEAL TARDIFF,60,Phoenix,Arizona,USA,85080,32.97972353,-111.0781612,Female,Organic
527,528,RICHARD THOMPSON,33,Tucson,Arizona,USA,85459,32.9222371,-111.9679362,Male,Organic
528,529,THOMAS FORREST,51,Tucson,Arizona,USA,85247,33.05658,-111.8379148,Male,Organic
529,530,DOUGLAS LERCH,47,Phoenix,Arizona,USA,85106,33.56652853,-111.9993772,Male,Email
530,531,BRAIN SCHNEIDER,26,Tucson,Arizona,USA,85168,32.99107647,-111.4422745,Male,Organic
531,532,NATHAN CORTEZ,13,Tempe,Arizona,USA,85301,33.06838463,-110.5747879,Male,Search
532,533,MARK ATKINSON,45,Phoenix,Arizona,USA,85136,32.82878354,-112.2004018,Male,Organic
533,534,DONALD ALLEN,43,Avondale,Arizona,USA,85518,33.48615991,-112.6567633,Male,Organic
534,535,SHAUN RICHMOND,12,Glendale,Arizona,USA,85542,33.60327752,-112.1642098,Male,Search
535,536,JAMES BAKER,33,Gilbert,Arizona,USA,85259,32.4020223,-110.080375,Male,Organic
536,537,ROBERT FREEMAN,34,Mesa,Arizona,USA,85157,32.6999782,-111.9389142,Male,Search
537,538,RUDOLPH SKINNER,57,Tempe,Arizona,USA,85531,33.60202538,-112.1105436,Male,Organic
538,539,JOSEPH STREICHER,62,Mesa,Arizona,USA,85132,33.03766707,-112.9732782,Male,Organic
539,540,HENRY COTTON,55,Tucson,Arizona,USA,85215,33.22569024,-111.969152,Male,Organic
540,541,NICK HENSON,22,Tucson,Arizona,USA,85356,33.19817425,-112.3583216,Male,Search
541,542,ERIC SMALL,34,Apache Junction,Arizona,USA,85917,32.96099243,-110.1086021,Male,Search
542,543,ELMER HAFER,20,Mesa,Arizona,USA,85410,33.62514308,-110.5357591,Male,Organic
543,544,PATRICK ROBINSON,32,Tucson,Arizona,USA,85145,33.48941602,-113.3145584,Male,Organic
544,545,JAMES HOLLER,31,Phoenix,Arizona,USA,85091,33.97749575,-111.3015404,Male,Organic
545,546,GARY BROWN,13,Chandler,Arizona,USA,85123,33.69424344,-113.4338512,Male,Email
546,547,JERRY LEWIS,56,Tucson,Arizona,USA,85325,32.57489594,-111.5293058,Male,Search
547,548,FERNANDO GEE,15,Phoenix,Arizona,USA,85492,33.47077551,-112.2805375,Male,Email
548,549,ROY SPAULDING,18,Chandler,Arizona,USA,85522,34.31130576,-112.0236398,Male,Search
549,550,GLENN HALL,17,Phoenix,Arizona,USA,85025,33.44769293,-111.4095623,Female,Facebook
550,551,CARL PEREZ,36,Gilbert,Arizona,USA,85321,33.20261582,-111.7505993,Male,Search
551,552,CURTIS LOWERY,87,Mesa,Arizona,USA,85331,32.31850036,-111.7509285,Male,Search
552,553,CHARLES ABEYTA,17,Mesa,Arizona,USA,85557,32.92997025,-112.0173077,Male,Organic
553,554,JOE HOUSTON,20,Tucson,Arizona,USA,85266,32.77263692,-112.4918987,Male,Organic
554,555,FRED ALLEN,71,Gilbert,Arizona,USA,85515,33.29270988,-112.017998,Male,Search
555,556,DAVID STOKES,23,Avondale,Arizona,USA,85669,33.92729461,-113.3821392,Male,Search
556,557,MIKE FLOREZ,27,Mesa,Arizona,USA,85151,33.99371369,-112.5542207,Male,Organic
557,558,LEON MAGGARD,21,Tempe,Arizona,USA,85484,33.58548002,-110.968141,Male,Organic
558,559,KEVIN DUNAWAY,31,Glendale,Arizona,USA,85838,32.89499352,-110.6366335,Male,Organic
559,560,WILLIAM GONZALES,40,Phoenix,Arizona,USA,85733,32.18351018,-111.7622523,Male,Organic
560,561,MATTHEW WADE,29,Marana,Arizona,USA,85972,33.57543197,-112.1142265,Male,Email
561,562,DAVID RAMON,48,Tucson,Arizona,USA,85280,33.52338381,-112.8623661,Male,Email
562,563,CRAIG FREEMAN,38,Phoenix,Arizona,USA,85136,31.87615067,-112.7550561,Male,Organic
563,564,WILLIAM KAMM,20,Prescott,Arizona,USA,85880,33.45709018,-112.960902,Male,Search
564,565,EDWARD GARLAND,35,Phoenix,Arizona,USA,85126,33.14111659,-112.0096046,Male,Organic
565,566,JAMES WELSH,47,Tucson,Arizona,USA,85351,33.19467839,-112.0196452,Male,Display
566,567,JEROME OHARA,13,Phoenix,Arizona,USA,85730,32.1663882,-112.282295,Male,Organic
567,568,MICHAEL WILSON,28,Paradise Valley,Arizona,USA,86391,34.63297526,-112.2783634,Male,Organic
568,569,CHARLES MARTINEZ,21,Casa Grande,Arizona,USA,85750,33.23464048,-113.377075,Male,Search
569,570,PETER WILSON,16,Kingman,Arizona,USA,85300,34.67198138,-110.9596493,Female,Search
570,571,CLAYTON FEHR,31,Tempe,Arizona,USA,85539,33.3723244,-111.9420036,Male,Search
571,572,KENNETH JAMES,25,Glendale,Arizona,USA,85218,33.45717388,-111.7401082,Male,Search
572,573,PAUL JOHNSON,88,Tucson,Arizona,USA,85247,33.47808347,-111.9893207,Male,Display
573,574,JACK JENKINS,28,Phoenix,Arizona,USA,85195,33.81771791,-112.5617222,Male,Email
574,575,HUBERT CHAVEZ,63,Gilbert,Arizona,USA,85187,32.84425049,-111.1127943,Female,Facebook
575,576,AARON ANDERSON,20,Maricopa,Arizona,USA,85421,32.87887333,-112.2261021,Male,Search
576,577,JOSE MOORE,46,Chandler,Arizona,USA,85261,33.5417436,-111.9087205,Male,Search
577,578,PAUL JOHNSON,53,El Mirage,Arizona,USA,85586,34.25072209,-111.2815962,Male,Search
578,579,ERNESTO MILLER,19,Mesa,Arizona,USA,85078,34.49989754,-112.1242302,Female,Display
579,580,JAMES WELSH,23,Flagstaff,Arizona,USA,85719,34.47704796,-112.3813216,Male,Facebook
580,581,GLEN LAROCK,20,Tucson,Arizona,USA,85065,33.15874261,-111.5240492,Male,Email
581,582,OMAR CHARLESTON,40,Chandler,Arizona,USA,85335,33.22286265,-111.2825925,Male,Facebook
582,583,JOHN SCHULTZ,48,Marana,Arizona,USA,85550,34.06690617,-111.8792213,Male,Facebook
583,584,PHILIP TUCKER,25,Goodyear,Arizona,USA,85561,33.9993552,-111.4231494,Male,Organic
584,585,BRIAN VANWINKLE,91,Mesa,Arizona,USA,85544,33.40494121,-112.2104583,Male,Organic
585,586,SHAUN HUFF,37,Kingman,Arizona,USA,85791,32.13050613,-111.7254092,Male,Email
586,587,CHRISTOPHER EDDINGS,33,Goodyear,Arizona,USA,85590,33.34458319,-112.4265484,Male,Organic
587,588,SHIRLEY WOLF,13,Phoenix,Arizona,USA,85347,33.31651155,-112.9704942,Male,Email
588,589,DANIEL GERRISH,19,Mesa,Arizona,USA,85172,32.16804742,-111.2446791,Male,Organic
589,590,SHAWN NGUYEN,24,Paradise Valley,Arizona,USA,85519,32.4073087,-110.9389205,Male,Search
590,591,RUTH MATNEY,92,Peoria,Arizona,USA,85486,32.8887847,-114.2235819,Male,Display
591,592,RAYMOND GRANGER,28,Paradise Valley,Arizona,USA,85472,34.44646845,-111.7919655,Male,Organic
592,593,MICHAEL LOWE,42,Sahuarita,Arizona,USA,85979,33.04554456,-111.8838664,Male,Email
593,594,TONYA GRIMM,65,Tucson,Arizona,USA,85156,32.97096165,-111.1784698,Male,Organic
594,595,DARRELL FRENCH,50,Avondale,Arizona,USA,85467,33.92821875,-111.1866484,Male,Organic
595,596,NATHAN INGRAM,23,Tucson,Arizona,USA,85256,33.48244725,-112.3501215,Male,Display
596,597,CHARLES MCKIE,24,Mesa,Arizona,USA,85184,34.93966581,-111.9569212,Male,Facebook
597,598,HENRY MCGOWAN,80,Phoenix,Arizona,USA,85413,32.98786563,-111.5937953,Male,Organic
598,599,NELSON MCFADDIN,38,Phoenix,Arizona,USA,85068,34.10368571,-113.6968239,Female,Search
599,600,JOHN KELLEY,17,Marana,Arizona,USA,85631,33.26691384,-113.110612,Male,Facebook
600,601,HAROLD HENDRICKS,43,Scottsdale,Arizona,USA,85164,33.20309414,-111.1225819,Male,Display
601,602,ALVIN HAMPTON,24,Phoenix,Arizona,USA,85052,32.79930419,-111.5909886,Male,Display
602,603,JAMES HAIRSTON,59,Surprise,Arizona,USA,85249,33.63161104,-112.4103532,Male,Search
603,604,KEITH DOUGLAS,14,Glendale,Arizona,USA,85588,33.65518197,-112.0938642,Male,Display
604,605,TIM HALL,39,Scottsdale,Arizona,USA,85273,33.01392769,-112.3754367,Male,Display
605,606,MILDRED BROWN,71,Phoenix,Arizona,USA,85165,33.24980479,-112.1597823,Female,Organic
606,607,JAMES HALLORAN,26,Tucson,Arizona,USA,85155,33.76298767,-111.9156371,Male,Email
607,608,LEROY WILLIAMS,47,Marana,Arizona,USA,85792,32.02568595,-110.8419408,Male,Search
608,609,MARIO LEAR,86,Tucson,Arizona,USA,85348,33.00368476,-111.9134463,Male,Search
609,610,MARK MILLS,35,Maricopa,Arizona,USA,85489,31.74163084,-111.3215905,Male,Facebook
610,611,LAUREN SCOTT,45,Phoenix,Arizona,USA,85316,33.9232372,-112.0977078,Male,Email
611,612,HERBERT GIBSON,21,Winslow,Arizona,USA,85754,34.70499253,-112.3028105,Male,Facebook
612,613,GARTH PARKS,30,Tucson,Arizona,USA,85258,34.83067386,-113.5231619,Male,Organic
613,614,GEORGE LIN,43,Goodyear,Arizona,USA,85678,33.26097881,-112.7860473,Male,Organic
614,615,SCOTT PERZ,15,Lake Havasu City,Arizona,USA,85179,33.99285262,-112.3499753,Female,Organic
615,616,DON HARRY,55,Phoenix,Arizona,USA,85107,33.04100438,-111.9206597,Female,Facebook
616,617,DANIEL SKINNER,26,Phoenix,Arizona,USA,85158,33.14523064,-111.4494399,Female,Organic
617,618,MAURICE BECKER,52,Mesa,Arizona,USA,85470,32.94817476,-112.6369391,Male,Display
618,619,EUGENE NUMBERS,42,Mesa,Arizona,USA,85316,34.33121143,-113.0947568,Male,Facebook
619,620,MICHAEL GUZMAN,17,Avondale,Arizona,USA,85252,33.16080561,-112.4794088,Male,Email
620,621,STEPHEN DUDLEY,45,Mesa,Arizona,USA,85508,33.34341046,-112.6345697,Male,Facebook
621,622,DONALD GONZALES,75,Scottsdale,Arizona,USA,85234,33.56911112,-111.0292704,Male,Display
622,623,MARK SWADER,21,Gilbert,Arizona,USA,85464,33.06201423,-113.2996251,Female,Organic
623,624,MARIO CHAMBERS,39,Phoenix,Arizona,USA,85252,33.71720254,-111.8645769,Male,Facebook
624,625,JOHN SIZEMORE,29,Tempe,Arizona,USA,85299,32.0723745,-111.0895033,Male,Search
625,626,DANIEL MORGAN,45,Chandler,Arizona,USA,85291,33.08666119,-111.4396363,Male,Search
626,627,MARK BISHOP,22,Tucson,Arizona,USA,85540,32.49649198,-111.857424,Male,Email
627,628,ALBERT WILSON,27,Tucson,Arizona,USA,85184,33.61997289,-112.754991,Male,Search
628,629,RICHARD LAWSON,12,Mesa,Arizona,USA,85468,33.27964491,-111.6031384,Male,Organic
629,630,JOHN TROLLINGER,84,Gilbert,Arizona,USA,85329,34.16793581,-111.0736966,Male,Organic
630,631,LOUIS GARETT,53,Glendale,Arizona,USA,85194,34.25923689,-113.195195,Male,Facebook
631,632,ELIZABETH NEWELL,44,Yuma,Arizona,USA,85270,32.60774752,-111.236542,Male,Search
632,633,JESSE FERNANDEZ,28,Mesa,Arizona,USA,85241,34.03670245,-112.1038301,Male,Search
633,634,TYRON GALVAN,49,Glendale,Arizona,USA,85656,33.62171624,-111.4590108,Male,Organic
634,635,BRIAN TULLER,48,Peoria,Arizona,USA,85093,33.17235464,-113.4194418,Male,Search
635,636,HERMAN CARNEY,17,Mesa,Arizona,USA,85218,32.82644687,-111.1728039,Male,Search
636,637,LARRY SALINAS,43,Lake Havasu City,Arizona,USA,85472,34.10054402,-112.9141966,Male,Organic
637,638,RALPH HOOSER,27,Tucson,Arizona,USA,85721,33.12903239,-111.9688431,Male,Search
638,639,JEROME OHARA,38,Tucson,Arizona,USA,85360,32.57463499,-111.0712236,Male,Organic
639,640,JOSEPH HARRIS,27,Phoenix,Arizona,USA,85142,32.47465678,-112.0839105,Male,Facebook
640,641,BRETT SMITH,72,Phoenix,Arizona,USA,85409,32.65103896,-112.3377121,Male,Organic
641,642,LORI BAILEY,55,Glendale,Arizona,USA,85342,32.81603591,-111.7075652,Male,Search
642,643,JERRY RISNER,66,Scottsdale,Arizona,USA,85165,32.55997207,-111.2473956,Male,Organic
643,644,TIMOTHY ROGERS,41,Phoenix,Arizona,USA,85377,33.63527886,-111.497883,Male,Search
644,645,MARK STAGG,21,Phoenix,Arizona,USA,85182,33.01238373,-112.3163554,Female,Organic
645,646,MARK STAGG,14,Glendale,Arizona,USA,85752,32.27333253,-111.5047589,Male,Search
646,647,TRACY BROWNING,25,Phoenix,Arizona,USA,85310,31.74742635,-110.3358817,Male,Search
647,648,RICHARD JAMES,13,Maricopa,Arizona,USA,85381,34.01300784,-112.3504705,Male,Search
648,649,RYAN PERKINS,52,Phoenix,Arizona,USA,85309,32.80448095,-113.0959221,Male,Organic
649,650,JOHN SCHULTZ,13,Gilbert,Arizona,USA,85700,33.82983037,-112.8249662,Male,Organic
650,651,TRAVIS SCHNELL,31,Phoenix,Arizona,USA,85053,32.32672774,-112.2837646,Male,Facebook
651,652,EDWARD GARLAND,73,Tucson,Arizona,USA,85441,33.98152189,-112.0995044,Male,Display
652,653,DAVID WADE,32,Prescott Valley,Arizona,USA,85813,33.55193649,-111.2485702,Male,Organic
653,654,MATTHEW WADE,63,Yuma,Arizona,USA,85373,33.37558349,-112.0246327,Male,Email
654,655,HECTOR THOMSEN,18,Eagar,Arizona,USA,85721,33.51059264,-112.4049255,Male,Search
655,656,GREGORY LAWRENCE,60,Avondale,Arizona,USA,85651,32.73224679,-111.5491802,Male,Display
656,657,ADOLPH KERR,77,Scottsdale,Arizona,USA,85855,33.653193,-111.1596332,Male,Search
657,658,ADAM SNOW,24,Mesa,Arizona,USA,85800,33.10764228,-111.7328723,Male,Email
658,659,BRANDON BECK,65,Tucson,Arizona,USA,85227,34.84092228,-112.3155375,Male,Display
659,660,DANA PEREZ,43,Glendale,Arizona,USA,85368,33.13660135,-111.5598673,Male,Display
660,661,SHAWN DOWNER,38,Phoenix,Arizona,USA,85393,32.97508747,-110.1829646,Male,Search
661,662,KEITH COLLINS,23,Apache Junction,Arizona,USA,85293,32.12651816,-111.6397231,Male,Search
662,663,JAMES JONES,34,Tucson,Arizona,USA,85095,32.66653474,-111.746866,Male,Organic
663,664,GORDON TROUT,20,Mesa,Arizona,USA,85527,33.31160321,-111.6238966,Male,Email
664,665,RUDOLPH SKINNER,18,Phoenix,Arizona,USA,85218,32.37786479,-111.7255153,Male,Organic
665,666,JONATHON LONG,20,Avondale,Arizona,USA,85353,32.67735804,-110.3493002,Male,Facebook
666,667,HENRY WERNER,66,Peoria,Arizona,USA,85217,32.26455914,-112.0748657,Male,Organic
667,668,LEONARDO COLLINS,38,Phoenix,Arizona,USA,85228,32.36572213,-110.7833146,Male,Organic
668,669,DAVID ALLEN,14,Mesa,Arizona,USA,85611,33.77028261,-111.9573626,Male,Search
669,670,TRACY BROWNING,89,Phoenix,Arizona,USA,85120,32.84801327,-112.973833,Male,Facebook
670,671,ALFONZO LEFFEL,17,Phoenix,Arizona,USA,85014,32.79522365,-111.8815572,Female,Search
671,672,DAVID STRICKLAND,33,Tucson,Arizona,USA,85160,33.55677945,-112.4403491,Female,Organic
672,673,ROGER HOLDER,29,Glendale,Arizona,USA,85604,32.70524737,-111.3727295,Male,Facebook
673,674,KENNETH CRIPE,45,Mesa,Arizona,USA,85178,33.73279111,-111.2660225,Male,Facebook
674,675,DONALD BEAUDRY,80,Phoenix,Arizona,USA,85230,33.23111731,-111.2632787,Male,Display
675,676,RONNIE SANTANA,36,Casa Grande,Arizona,USA,85662,32.27260426,-110.2305176,Male,Email
676,677,JEFFREY RODRIGUEZ,19,Phoenix,Arizona,USA,85279,33.47938572,-111.680501,Female,Facebook
677,678,DOUGLAS LYONS,92,Lake Havasu City,Arizona,USA,85531,32.87173041,-112.2110023,Male,Search
678,679,RICHARD DRAKE,70,Prescott Valley,Arizona,USA,85252,32.92630074,-112.6556226,Female,Organic
679,680,ANDREW EUBANKS,22,Phoenix,Arizona,USA,85154,33.39075564,-112.8369825,Female,Facebook
680,681,WILLIAM NEALON,32,Chandler,Arizona,USA,85476,33.82839046,-112.2593315,Male,Organic
681,682,CESAR COLLINS,21,Yuma,Arizona,USA,85418,33.36224451,-112.7552479,Male,Facebook
682,683,BLAKE KOCH,96,Flagstaff,Arizona,USA,85127,32.89182561,-111.6440242,Female,Facebook
683,684,PAUL MCDONALD,20,Glendale,Arizona,USA,85947,33.9864608,-112.7076791,Male,Facebook
684,685,LONNIE PARKS,23,Tucson,Arizona,USA,85131,32.82222321,-111.1415302,Male,Organic
685,686,GLENN ROBERTSON,28,Yuma,Arizona,USA,85308,33.06429319,-112.0701892,Male,Organic
686,687,GAYLORD MILLER,42,San Luis,Arizona,USA,85684,34.3602104,-112.6448478,Male,Organic
687,688,NORMAN GONZALEZ,46,Cottonwood,Arizona,USA,86087,33.17935656,-110.9986467,Male,Search
688,689,MARVIN SHAW,21,Phoenix,Arizona,USA,85170,32.48917117,-112.5032789,Male,Organic
689,690,GEORGE LOPEZ,44,Phoenix,Arizona,USA,85189,32.66037101,-112.0057153,Male,Organic
690,691,JOHN CANTU,38,Tempe,Arizona,USA,85472,33.01673767,-111.0480917,Male,Organic
691,692,MILDRED COOKSEY,62,Glendale,Arizona,USA,85262,32.80763441,-111.5874501,Male,Organic
692,693,DONALD SOTO,15,Goodyear,Arizona,USA,85924,32.87574605,-112.1140564,Male,Search
693,694,JEFFREY MCMAHON,44,Gilbert,Arizona,USA,85787,33.36091417,-112.2731023,Male,Facebook
694,695,TRACY BROWNING,44,Douglas,Arizona,USA,85580,33.56879306,-112.7565487,Male,Search
695,696,MICHAEL SPIVEY,57,Tucson,Arizona,USA,85395,32.80233032,-111.5345291,Male,Organic
696,697,JODI QUINTANILLA,37,Show Low,Arizona,USA,85706,33.97728858,-111.8734624,Male,Facebook
697,698,ARTHUR NELSON,21,Apache Junction,Arizona,USA,85317,34.10340033,-112.5791088,Male,Search
698,699,LONNIE PARKS,37,Tucson,Arizona,USA,85587,32.13719647,-112.677081,Male,Search
699,700,VIRGIL HOOPER,45,Peoria,Arizona,USA,85580,34.06378518,-112.8479774,Male,Organic
700,701,JORGE HILLMAN,43,Tempe,Arizona,USA,85469,35.67333513,-113.5200859,Male,Organic
701,702,DENA AINSWORTH,40,Goodyear,Arizona,USA,85516,32.19345283,-111.0193744,Male,Organic
702,703,KENNETH JAMES,30,Tucson,Arizona,USA,85638,32.69955442,-111.5105703,Male,Display
703,704,NEIL BRANHAM,16,Scottsdale,Arizona,USA,85903,33.56555472,-113.6596569,Male,Search
704,705,ROBERT CLAUDIO,65,Gilbert,Arizona,USA,85354,33.47559552,-111.4191098,Male,Organic
705,706,MATTHEW SOULIERE,25,Youngtown,Arizona,USA,85750,34.3901717,-111.729235,Male,Display
706,707,GARY PARTLOW,19,Tempe,Arizona,USA,85259,34.1790442,-111.7381339,Female,Organic
707,708,JOHN DAY,24,Glendale,Arizona,USA,85845,33.84768491,-113.2632892,Female,Organic
708,709,OMAR CHARLESTON,22,Prescott,Arizona,USA,85763,34.25748286,-111.2758312,Male,Facebook
709,710,MARK AVERY,66,Avondale,Arizona,USA,85929,32.10199426,-112.0680039,Male,Facebook
710,711,EDWARD IRWIN,50,Tucson,Arizona,USA,85281,33.81480956,-113.0648447,Male,Facebook
711,712,PEDRO SHELLENBERGER,49,Scottsdale,Arizona,USA,85467,33.51952721,-111.7958874,Male,Search
712,713,STEPHEN DUDLEY,72,Phoenix,Arizona,USA,85044,33.74273492,-112.9721849,Female,Facebook
713,714,MANUEL MICKEY,33,Chandler,Arizona,USA,85967,34.07573963,-112.2269902,Male,Organic
714,715,ARTHUR NELSON,19,Chino Valley,Arizona,USA,85852,31.98915069,-111.2774524,Female,Search
715,716,JOHN WHITACRE,14,Goodyear,Arizona,USA,85627,34.36241546,-112.5359228,Male,Search
716,717,LAURA KELLEY,51,Yuma,Arizona,USA,85146,34.50432541,-112.699578,Male,Email
717,718,SAMUEL DOMBROWSKI,21,Globe,Arizona,USA,85457,34.62692895,-113.3853739,Male,Search
718,719,PHILLIP CARTER,18,Apache Junction,Arizona,USA,85635,33.13087764,-112.1735823,Male,Organic
719,720,DUANE KELLY,74,Tucson,Arizona,USA,85153,33.28470784,-112.2356229,Female,Facebook
720,721,MICHAEL ROBINSON,31,Tempe,Arizona,USA,85370,33.40334229,-111.6705158,Male,Search
721,722,CARLOS KEY,58,Scottsdale,Arizona,USA,85139,33.59659352,-113.5129226,Male,Search
722,723,ANTHONY MIDDLETON,17,Somerton,Arizona,USA,85786,33.76615627,-112.2673737,Male,Search
723,724,MATTHEW ELLIS,16,Phoenix,Arizona,USA,85244,33.05367619,-111.3628374,Male,Email
724,725,MATTHEW HARMON,26,Maricopa,Arizona,USA,85452,32.28765782,-111.2486957,Male,Search
725,726,ARNOLD SMITH,77,Apache Junction,Arizona,USA,85513,33.11325795,-111.3645693,Male,Email
726,727,THEODORE PHELAN,30,Phoenix,Arizona,USA,85891,33.43915642,-112.440787,Male,Organic
727,728,BOBBY MARTIN,64,Youngtown,Arizona,USA,85877,32.7774535,-111.8625214,Male,Email
728,729,SAMUEL KAHL,27,Tempe,Arizona,USA,85158,34.26256711,-112.6605073,Male,Organic
729,730,ANTWAN DANIELS,20,Tucson,Arizona,USA,85469,33.25998374,-112.3042913,Female,Search
730,731,JAMES LIVINGSTON,31,Mesa,Arizona,USA,85267,33.6808375,-113.565893,Male,Email
731,732,JOHN BALL,30,Glendale,Arizona,USA,85418,34.34250638,-112.1599312,Male,Search
732,733,HENRY MCGOWAN,16,Sahuarita,Arizona,USA,86013,32.93554349,-111.9258644,Male,Facebook
733,734,DENA AINSWORTH,56,Chandler,Arizona,USA,85629,33.30031627,-112.2257512,Male,Organic
734,735,RENE FISHER,28,Florence,Arizona,USA,85889,33.11471556,-113.1715055,Male,Organic
735,736,ARNOLD SMITH,43,Scottsdale,Arizona,USA,85245,33.09890182,-112.8177838,Male,Organic
736,737,JOSE QUACKENBUSH,46,Gilbert,Arizona,USA,85437,33.3782521,-110.6903478,Male,Display
737,738,FRED ROBERTS,40,Tempe,Arizona,USA,85900,32.53253758,-110.9135097,Male,Organic
738,739,WILLIAM SWEET,25,Surprise,Arizona,USA,85277,33.46182726,-113.0472825,Female,Search
739,740,JESUS WILLIAMS,31,Tempe,Arizona,USA,85199,33.32042137,-112.3313462,Male,Organic
740,741,FRANK MORSE,62,Tempe,Arizona,USA,85298,32.97328196,-111.8454738,Female,Facebook
741,742,WILLIAM VALENZUELA,25,Apache Junction,Arizona,USA,85646,33.37409648,-111.1572342,Male,Search
742,743,JAMES HANLEY,13,Peoria,Arizona,USA,85626,33.03739703,-111.7837389,Male,Organic
743,744,MITCHELL WASHINGTON,60,Eagar,Arizona,USA,85588,33.39958477,-111.7307406,Female,Email
744,745,JAMES BARLOW,13,Phoenix,Arizona,USA,85350,32.93556371,-111.5121977,Female,Facebook
745,746,HUBERT ENGLISH,21,Tucson,Arizona,USA,85118,33.99983257,-110.9429445,Male,Search
746,747,FRANK HUGH,85,Tucson,Arizona,USA,85980,33.79110077,-111.9206629,Male,Search
747,748,MORGAN MILES,19,Mesa,Arizona,USA,85148,33.72110863,-112.3472263,Male,Search
748,749,VELMA WILLIAMS,30,Scottsdale,Arizona,USA,85164,34.01420633,-112.4678083,Male,Facebook
749,750,RAYMOND GRANGER,40,Paradise Valley,Arizona,USA,85848,33.41930889,-111.9666131,Male,Search
750,751,RONALD GILREATH,23,Peoria,Arizona,USA,85382,33.16130454,-110.1512564,Male,Search
751,752,ERIC WALTON,52,Tucson,Arizona,USA,85356,32.83148669,-111.5839072,Male,Email
752,753,THOMAS UMBERGER,53,Phoenix,Arizona,USA,85074,32.83152059,-111.2490696,Female,Email
753,754,NATHAN GATES,39,Phoenix,Arizona,USA,85257,33.98990489,-110.9412829,Male,Organic
754,755,PAUL STEELE,80,Mesa,Arizona,USA,85230,33.26463325,-112.5291383,Female,Organic
755,756,ANTHONY MAGLIONE,44,Phoenix,Arizona,USA,85221,33.18827133,-111.9317836,Male,Search
756,757,JASON THOMAS,25,Goodyear,Arizona,USA,85571,33.19846108,-112.3817933,Male,Search
757,758,MARIO LEAR,34,Tucson,Arizona,USA,85181,33.09730096,-111.8259842,Male,Search
758,759,NEIL BRANHAM,47,Chandler,Arizona,USA,85477,34.03342221,-112.6011154,Male,Email
759,760,RODERICK FOSTER,28,Tucson,Arizona,USA,85148,32.67580841,-111.6319703,Male,Organic
760,761,BARBARA BELL,62,Avondale,Arizona,USA,85309,33.41320012,-111.5040229,Male,Facebook
761,762,JAMES BROWN,18,Surprise,Arizona,USA,85689,32.75430231,-112.7354138,Female,Facebook
762,763,ERVIN COLBY,18,Peoria,Arizona,USA,85072,33.10664351,-112.5119233,Female,Search
763,764,JUSTIN COMSTOCK,41,Avondale,Arizona,USA,85446,34.42545503,-112.0186371,Male,Organic
764,765,GEORGE LOPEZ,89,Chandler,Arizona,USA,85198,32.4368327,-111.5416059,Male,Search
765,766,ROY SPAULDING,20,Maricopa,Arizona,USA,86156,33.8352272,-111.9808733,Male,Search
766,767,HOWARD ANDERSEN,79,Fountain Hills,Arizona,USA,85733,31.80388202,-110.2241047,Male,Search
767,768,CHARLES HESTER,14,Mesa,Arizona,USA,85202,33.14796898,-112.2305274,Male,Search
768,769,ROBERT ORNELAS,36,Glendale,Arizona,USA,85580,33.08171986,-112.5565905,Male,Organic
769,770,CHERYL ORTIZ,18,Glendale,Arizona,USA,85100,32.84211152,-111.2658442,Male,Search
770,771,CHRISTOPHER EDDINGS,13,Phoenix,Arizona,USA,85324,33.50959746,-112.0134964,Female,Organic
771,772,WILBUR IRIZARRY,17,Nogales,Arizona,USA,86188,34.41072644,-112.27734,Male,Organic
772,773,BROCK DAMON,24,Douglas,Arizona,USA,85406,33.23411281,-111.0206811,Male,Search
773,774,CHRIS SMITH,50,Sierra Vista,Arizona,USA,85978,32.57154686,-112.0776199,Male,Email
774,775,MARK AVERY,13,Prescott,Arizona,USA,85913,33.70967218,-112.536585,Male,Organic
775,776,CARL GAMEZ,21,El Mirage,Arizona,USA,86016,33.15455276,-111.501763,Male,Search
776,777,RANDY OGILVIE,41,Tucson,Arizona,USA,85430,33.94281988,-112.2197535,Male,Search
777,778,JEFFREY EVANS,21,Goodyear,Arizona,USA,85828,33.04894637,-111.648692,Male,Email
778,779,WILLIAM GONZALES,57,Glendale,Arizona,USA,85482,33.49353745,-111.7190209,Male,Organic
779,780,ELLIOTT HAZZARD,31,Peoria,Arizona,USA,85185,32.72921879,-111.4451641,Female,Search
780,781,JASON THOMAS,19,Gilbert,Arizona,USA,85263,33.30172648,-111.487269,Male,Organic
781,782,WAYNE MURPHY,14,Tempe,Arizona,USA,85458,33.20475418,-111.3226209,Male,Organic
782,783,ERICK DICKSON,54,Tucson,Arizona,USA,85422,33.04313632,-111.3366234,Male,Search
783,784,HOWARD ANDERSEN,13,Mesa,Arizona,USA,85305,32.8542937,-112.6091969,Female,Email
784,785,WAYNE SHELTON,28,Flagstaff,Arizona,USA,85477,34.38492259,-110.8123624,Female,Facebook
785,786,TY KELTNER,12,Scottsdale,Arizona,USA,85137,33.30877526,-112.4832965,Male,Search
786,787,RICHARD GORDON,28,Chandler,Arizona,USA,85453,33.54116486,-111.47887,Male,Organic
787,788,CHARLES ADAMS,23,Avondale,Arizona,USA,85297,33.76845217,-112.1988783,Male,Facebook
788,789,TODD ESCALANTE,79,Gilbert,Arizona,USA,85426,32.44149265,-112.6169044,Male,Search
789,790,JOSEPH EVANS,55,Avondale,Arizona,USA,85764,33.55394138,-111.96207,Male,Organic
790,791,JAMES LOUIS,37,Buckeye,Arizona,USA,85348,33.33091792,-111.9704734,Male,Search
791,792,JACK GREEN,27,Tempe,Arizona,USA,85305,33.28058034,-112.6171507,Female,Facebook
792,793,RAYMOND YOUNG,92,Chandler,Arizona,USA,85502,33.70004642,-112.9334979,Male,Email
793,794,LEON KENNEDY,29,Phoenix,Arizona,USA,85199,33.87892742,-111.5950095,Male,Organic
794,795,ALBERT SCOTT,16,Yuma,Arizona,USA,85252,32.70840054,-112.270474,Female,Organic
795,796,JOHN MENDEZ,53,Prescott,Arizona,USA,85774,33.30363391,-111.5926964,Male,Display
796,797,MATTHEW BRACY,37,Tempe,Arizona,USA,85190,33.07257129,-112.4225074,Female,Organic
797,798,MARIO SMITH,35,Tucson,Arizona,USA,85277,31.72705961,-110.6826018,Male,Organic
798,799,RICHARD SAK,40,Yuma,Arizona,USA,86049,33.76944767,-111.6950766,Male,Organic
799,800,WILLARD RUDY,28,Maricopa,Arizona,USA,85794,33.16846534,-111.7901427,Male,Search
800,801,DAVID STOKES,26,El Mirage,Arizona,USA,85530,33.72403519,-111.8352793,Male,Search
801,802,ALFONSO ANDERSON,42,Glendale,Arizona,USA,85417,32.01024181,-111.3281118,Male,Facebook
802,803,ERIC RODRIGUES,37,Casa Grande,Arizona,USA,85418,33.64221885,-111.6300329,Male,Email
803,804,ARTHUR WILSON,79,Sedona,Arizona,USA,86100,33.91306657,-111.9714285,Male,Facebook
804,805,JOSEPH SANDERS,19,Tucson,Arizona,USA,85158,33.99879496,-112.8214401,Female,Organic
805,806,TREVOR BUCHANAN,47,Mesa,Arizona,USA,85187,33.32522708,-112.3434843,Male,Facebook
806,807,PAUL KIRBY,22,Casa Grande,Arizona,USA,85561,33.53048863,-111.5870494,Male,Search
807,808,MICHAEL GUZMAN,15,Prescott,Arizona,USA,85306,32.90982379,-111.4445553,Male,Organic
808,809,CARL GAMEZ,92,Flagstaff,Arizona,USA,85285,33.40403657,-111.9607986,Male,Email
809,810,ROGER LAMB,46,Tucson,Arizona,USA,85551,32.61311283,-112.3519422,Male,Organic
810,811,MANUEL MICKEY,24,Litchfield Park,Arizona,USA,85644,33.56512799,-111.511543,Male,Search
811,812,TY KELTNER,73,Mesa,Arizona,USA,85689,32.51254855,-112.0385298,Male,Search
812,813,TIFFANY STEVENSON,54,Gilbert,Arizona,USA,85610,33.85296415,-111.8804124,Male,Display
813,814,TRAVIS SCHNELL,31,Flagstaff,Arizona,USA,85571,33.77318095,-113.2634196,Male,Display
814,815,JEFFREY GROSS,19,Glendale,Arizona,USA,85195,33.15629715,-112.0623797,Male,Email
815,816,JAMES OTTEN,28,Apache Junction,Arizona,USA,85778,34.24970954,-111.8594457,Male,Organic
816,817,CHARLES SAUNDERS,34,Tempe,Arizona,USA,85497,33.30603356,-110.6878012,Male,Search
817,818,ROBERT CAMPBELL,23,Sierra Vista,Arizona,USA,85615,33.28021984,-110.3627635,Male,Facebook
818,819,LONNIE PARKS,14,Chandler,Arizona,USA,85972,33.0397733,-111.2624348,Male,Facebook
819,820,MONTY PERKINS,36,Gilbert,Arizona,USA,85671,33.83738114,-112.1575176,Male,Display
820,821,DAVID BONNEY,19,Mesa,Arizona,USA,85140,33.36226507,-112.6791982,Male,Facebook
821,822,TIM MOREY,71,Tucson,Arizona,USA,85174,32.51088898,-111.190947,Female,Organic
822,823,JOHN HAINES,16,Yuma,Arizona,USA,86090,32.72454746,-111.4169472,Male,Search
823,824,KEVIN COATES,31,Lake Havasu City,Arizona,USA,85411,33.1861319,-112.3026367,Male,Organic
824,825,WILLIAM MCCORMICK,23,Sahuarita,Arizona,USA,86017,33.41014452,-111.9724417,Male,Organic
825,826,MORGAN MILES,24,Tempe,Arizona,USA,85644,33.80673929,-112.3235397,Male,Organic
826,827,NATHAN INGRAM,20,Scottsdale,Arizona,USA,85441,34.08375123,-110.5906373,Male,Display
827,828,CHARLES PEREZ,25,Tucson,Arizona,USA,86039,33.69341952,-111.8292944,Male,Facebook
828,829,DAVID MCCALL,30,Tucson,Arizona,USA,85248,32.26516137,-111.846957,Male,Email
829,830,CRAIG TYLER,24,Litchfield Park,Arizona,USA,86038,33.64751894,-111.2842107,Male,Organic
830,831,DAVID OROZCO,64,Glendale,Arizona,USA,85214,33.34395897,-111.9295284,Male,Organic
831,832,JEFFERY GUERRERO,59,Phoenix,Arizona,USA,85400,32.68536356,-111.5249356,Male,Organic
832,833,RON DECARO,42,Tucson,Arizona,USA,85188,32.43818699,-111.2527652,Female,Organic
833,834,JAMES MENZEL,32,Avondale,Arizona,USA,85618,32.87374538,-112.2623595,Male,Organic
834,835,JOHN CARLSON,79,Tucson,Arizona,USA,85422,33.08574442,-111.7646715,Male,Search
835,836,DAVID STRICKLAND,36,Phoenix,Arizona,USA,85297,32.96697096,-111.8066202,Male,Facebook
836,837,CARLTON HALL,30,Scottsdale,Arizona,USA,85414,33.4543361,-111.7903597,Female,Search
837,838,NICHOLAS DYSON,58,Florence,Arizona,USA,85792,32.89522697,-112.6851668,Male,Organic
838,839,RONALD SCOTT,29,Phoenix,Arizona,USA,85043,32.66078234,-113.0410268,Female,Search
839,840,LEON MAGGARD,16,Gilbert,Arizona,USA,85414,33.23355308,-112.255781,Male,Organic
840,841,ROBERT GORMLEY,70,Prescott,Arizona,USA,85697,33.83149777,-112.7034315,Male,Search
841,842,CURTIS LOWERY,38,Phoenix,Arizona,USA,85128,32.46532946,-110.5665057,Female,Organic
842,843,JOHN PAGE,18,Peoria,Arizona,USA,85277,33.69829138,-112.6769355,Male,Organic
843,844,JUSTIN HURT,21,Phoenix,Arizona,USA,85734,31.7473569,-111.2325978,Male,Facebook
844,845,WAYNE MURPHY,27,Apache Junction,Arizona,USA,85697,34.28896499,-113.3507047,Male,Search
845,846,ROBERT CROSBY,67,Scottsdale,Arizona,USA,85535,32.24328023,-110.4598503,Male,Organic
846,847,PAUL LAI,24,Phoenix,Arizona,USA,85120,33.67852252,-111.2967076,Female,Organic
847,848,JOHN MENDEZ,14,Avondale,Arizona,USA,85892,33.79774037,-112.8141489,Male,Organic
848,849,FELIX HANCE,18,Buckeye,Arizona,USA,86231,32.50235155,-110.6372037,Male,Organic
849,850,GERALD SMITH,26,Glendale,Arizona,USA,85365,32.33301519,-112.1010285,Female,Organic
850,851,JAMES JONES,20,Globe,Arizona,USA,85606,33.06666508,-110.4502913,Male,Search
851,852,MILDRED COOKSEY,34,Phoenix,Arizona,USA,85219,33.29727356,-111.3087998,Female,Organic
852,853,HECTOR COX,84,Tucson,Arizona,USA,85325,32.18256867,-112.3283255,Female,Organic
853,854,WILLIAM ROBERTS,73,Show Low,Arizona,USA,85650,33.26313213,-113.2362891,Male,Organic
854,855,ERWIN ZIMMERMAN,13,Phoenix,Arizona,USA,85699,34.20737696,-113.0201634,Male,Search
855,856,ROBERT CROSBY,58,Maricopa,Arizona,USA,85645,34.74325744,-112.344215,Male,Search
856,857,JOE HOUSTON,17,Peoria,Arizona,USA,85377,33.5996863,-112.3069345,Male,Facebook
857,858,JOSEPH CALLOWAY,57,Apache Junction,Arizona,USA,85761,33.74874289,-113.2419893,Male,Organic
858,859,CHRISTOPHER ROACH,27,Tucson,Arizona,USA,85411,32.70063649,-112.104621,Male,Organic
859,860,MICHAEL PARK,26,Avondale,Arizona,USA,85748,32.92380725,-110.9034879,Female,Organic
860,861,DEREK REAMES,56,Tucson,Arizona,USA,85448,34.00631855,-113.240469,Male,Facebook
861,862,MARK STAGG,47,Phoenix,Arizona,USA,85604,33.19245363,-112.793565,Male,Display
862,863,PATRICK DRESSLER,51,Mesa,Arizona,USA,85421,33.86576761,-112.0485935,Male,Organic
863,864,HAROLD HENDRICKS,14,Tucson,Arizona,USA,85224,33.55088388,-111.2794026,Male,Display
864,865,RON DECARO,15,Avondale,Arizona,USA,85761,33.8308607,-112.7920369,Male,Search
865,866,JASON RICHMAN,18,Apache Junction,Arizona,USA,85770,33.57937875,-112.5390322,Male,Search
866,867,ANNMARIE GLEDHILL,62,Scottsdale,Arizona,USA,85584,34.0723215,-111.5188554,Male,Search
867,868,CHRISTOPHER EDDINGS,44,Maricopa,Arizona,USA,85450,35.08668845,-112.1237866,Female,Display
868,869,ROBERT BRINDLE,26,Tucson,Arizona,USA,85155,33.42425917,-113.2098934,Male,Search
869,870,LAURA KELLEY,34,Buckeye,Arizona,USA,85618,32.81121838,-111.5713442,Male,Email
870,871,CHRISTOPHER LITTLE,43,Mesa,Arizona,USA,85283,33.07357084,-111.8986853,Female,Search
871,872,GUS MATTHEWS,38,Tempe,Arizona,USA,85705,33.32340264,-112.5922088,Female,Facebook
872,873,CHARLES PEREZ,28,Maricopa,Arizona,USA,85261,33.61528572,-112.7456301,Male,Search
873,874,GLEN LAROCK,62,Yuma,Arizona,USA,85714,32.94829498,-111.1041093,Male,Search
874,875,CRAIG BULLOCK,26,Glendale,Arizona,USA,85431,34.71169354,-114.3121073,Female,Search
875,876,NEIL BRANHAM,15,Chandler,Arizona,USA,85977,32.99782927,-111.2630402,Male,Search
876,877,MELISSA SHIELDS,38,Sierra Vista,Arizona,USA,85601,33.33176434,-111.8724289,Male,Facebook
877,878,MICHAEL ROMERO,19,Phoenix,Arizona,USA,85490,33.1881426,-111.1900622,Female,Organic
878,879,JOHN FRANCIS,72,Peoria,Arizona,USA,85280,33.63875289,-112.3658898,Female,Search
879,880,HENRY HIDALGO,30,Prescott Valley,Arizona,USA,85760,32.54642776,-112.4022097,Male,Organic
880,881,DAVID OROZCO,66,Chandler,Arizona,USA,85819,33.08210639,-111.920157,Male,Organic
881,882,LAWRENCE SPANGLER,63,Tucson,Arizona,USA,85260,33.2422636,-111.3810249,Male,Organic
882,883,ROBERT WALTER,31,Mesa,Arizona,USA,85243,34.4383565,-111.3236863,Male,Organic
883,884,STANLEY HOGAN,49,Phoenix,Arizona,USA,85103,32.95208831,-112.5904608,Female,Search
884,885,JOSEPH EVANS,39,Gilbert,Arizona,USA,85279,33.77312189,-112.9786296,Female,Display
885,886,ALBERT WILSON,63,Tempe,Arizona,USA,85452,33.26965646,-113.0214556,Male,Display
886,887,JOHN MENDEZ,41,Tucson,Arizona,USA,85221,33.83087559,-112.1168949,Male,Search
887,888,PAUL LAI,78,Tucson,Arizona,USA,85738,34.03220061,-112.1978026,Male,Facebook
888,889,FRED JAMES,24,Camp Verde,Arizona,USA,85736,33.17871734,-111.4794505,Male,Organic
889,890,WILLIAM GONZALES,34,Chandler,Arizona,USA,85487,33.59446922,-111.5256864,Female,Facebook
890,891,EDWARD OPITZ,34,Tucson,Arizona,USA,85117,33.78016892,-113.3888029,Female,Facebook
891,892,JOHN DANIEL,27,Apache Junction,Arizona,USA,85547,33.24725018,-111.326414,Male,Organic
892,893,HECTOR THOMSEN,25,Eagar,Arizona,USA,85970,33.39281305,-111.9320061,Male,Search
893,894,JAMES JONES,42,Marana,Arizona,USA,85766,34.02987688,-112.1193412,Male,Search
894,895,BOBBY STUDEBAKER,29,Glendale,Arizona,USA,85768,32.496854,-111.5990311,Male,Organic
895,896,FRANK MONTOYA,17,San Luis,Arizona,USA,85617,33.49515145,-111.7101782,Male,Email
896,897,WAYNE CHAPPELL,26,Tempe,Arizona,USA,86093,32.50655785,-111.9135512,Male,Facebook
897,898,JACK RILEY,25,Tucson,Arizona,USA,85321,32.78291171,-111.0811252,Male,Facebook
898,899,WILLIAM NEALON,19,Mesa,Arizona,USA,85222,33.68684832,-112.5524901,Male,Facebook
899,900,DARREN POOLE,18,Gilbert,Arizona,USA,85275,33.96034085,-112.2478873,Female,Search
900,901,DAVID ROLLER,23,Maricopa,Arizona,USA,85318,32.65254185,-112.4023369,Male,Search
901,902,WILLIE ROBERTSON,43,Maricopa,Arizona,USA,85932,33.77570263,-111.4590055,Male,Email
902,903,DAVID ALBANO,64,Tucson,Arizona,USA,85311,33.97882496,-112.3786601,Male,Search
903,904,ROBERT CLAUDIO,34,Lake Havasu City,Arizona,USA,85845,33.11339328,-111.3787837,Male,Email
904,905,DAVID PETERSON,33,Sahuarita,Arizona,USA,85319,34.1764766,-112.7945361,Female,Display
905,906,STEVEN MATTHEWS,47,Yuma,Arizona,USA,85915,33.78356869,-111.9700117,Male,Email
906,907,SAMUEL DOMBROWSKI,16,Peoria,Arizona,USA,85607,34.2189572,-112.0891168,Male,Facebook
907,908,ROBERT BERNAL,13,Prescott,Arizona,USA,85991,33.02672879,-112.0649963,Male,Search
908,909,HENRY COLE,67,Phoenix,Arizona,USA,85290,31.80628051,-111.1265115,Female,Organic
909,910,DANIEL NAGLE,43,Apache Junction,Arizona,USA,85921,33.91079158,-112.2937845,Male,Organic
910,911,MARVIN SHAW,54,Lake Havasu City,Arizona,USA,85993,32.19297624,-109.9518491,Male,Facebook
911,912,BRUCE CHADWICK,25,Tempe,Arizona,USA,85478,33.41427998,-112.0158369,Female,Search
912,913,MARK MILLS,82,Surprise,Arizona,USA,85426,33.48065599,-112.5747441,Male,Facebook
913,914,THOMAS SWAN,19,Douglas,Arizona,USA,85720,34.01986429,-112.6874513,Female,Search
914,915,MICHEAL RODRIGUEZ,36,Phoenix,Arizona,USA,85190,33.56597591,-112.0628362,Female,Search
915,916,BRIAN RAMSEY,19,Glendale,Arizona,USA,85690,33.35541926,-111.1145669,Male,Display
916,917,JOSE DOOLITTLE,12,Sierra Vista,Arizona,USA,85575,33.57604706,-112.1267613,Male,Organic
917,918,NATHANIEL LEWIS,32,Nogales,Arizona,USA,85850,33.12818085,-112.5064971,Female,Search
918,919,IGNACIO GILMORE,31,Scottsdale,Arizona,USA,85454,33.41348867,-112.8361618,Male,Email
919,920,DAVID PETERSON,66,Mesa,Arizona,USA,85133,32.83471206,-111.0427517,Female,Facebook
920,921,ROBERT RICHEY,40,Peoria,Arizona,USA,85330,31.85699852,-111.560159,Female,Facebook
921,922,BARBARA BELL,38,Tucson,Arizona,USA,85524,34.74631589,-111.8625672,Male,Facebook
922,923,WILLIAM SIMMONS,12,Tempe,Arizona,USA,85308,32.55755877,-112.6707438,Male,Facebook
923,924,JOHN CANTU,21,Casa Grande,Arizona,USA,85892,33.38620386,-112.9531922,Male,Organic
924,925,PAUL MILLER,25,Gilbert,Arizona,USA,85310,33.10550526,-111.0275565,Female,Display
925,926,RONALD WILLIAMS,51,Tucson,Arizona,USA,85721,32.66927945,-110.9198991,Male,Organic
926,927,TYRON GALVAN,21,Avondale,Arizona,USA,85471,33.28471169,-112.7457104,Male,Organic
927,928,THOMAS FORREST,36,Tempe,Arizona,USA,85861,33.38555432,-111.5246481,Male,Email
928,929,NICOLAS MORGAN,40,Tucson,Arizona,USA,85098,32.4794116,-112.4948295,Female,Organic
929,930,WILLIAM VALENZUELA,15,Camp Verde,Arizona,USA,85974,33.06404453,-110.9598978,Male,Search
930,931,RICHARD DRAKE,49,Payson,Arizona,USA,86007,32.71965304,-111.3998571,Male,Organic
931,932,BARRY ADKINS,12,Avondale,Arizona,USA,85811,33.72334519,-112.4894387,Male,Search
932,933,DAVID STOKES,19,Maricopa,Arizona,USA,85662,33.17838888,-111.6512271,Male,Facebook
933,934,WILLIAM MCCORMICK,60,Gilbert,Arizona,USA,85906,34.26459463,-112.8727789,Male,Organic
934,935,MICHAEL PHILPOTT,34,Colorado City,Arizona,USA,85505,32.934409,-111.8113834,Male,Facebook
935,936,ALBERT GRAVES,41,Glendale,Arizona,USA,85587,33.16819166,-113.0493058,Male,Organic
936,937,RICHARD DOWE,19,Mesa,Arizona,USA,85413,32.9506386,-110.8025254,Male,Organic
937,938,GEORGE LOPEZ,44,Phoenix,Arizona,USA,85381,33.2938537,-112.3435598,Female,Organic
938,939,MOHAMMAD SHANNON,17,Tucson,Arizona,USA,85496,34.47335915,-112.0951187,Male,Organic
939,940,JOHN MENDEZ,34,Colorado City,Arizona,USA,85903,33.68954649,-111.6146293,Male,Organic
940,941,STEVE LONGFELLOW,47,Glendale,Arizona,USA,85481,33.83384521,-113.0448257,Male,Organic
941,942,CRAIG FREEMAN,22,Chandler,Arizona,USA,85934,32.95686174,-112.2971242,Male,Organic
942,943,WILLIAM SIMMONS,98,Mesa,Arizona,USA,85455,33.25324933,-112.780431,Male,Search
943,944,DONALD SOTO,27,Chandler,Arizona,USA,85376,32.24411901,-111.0852676,Female,Organic
944,945,NORMAN GONZALEZ,18,Kingman,Arizona,USA,86120,33.33868339,-111.7364944,Male,Display
945,946,WILLIAM KAMM,16,Florence,Arizona,USA,85630,33.97021192,-112.6919773,Male,Facebook
946,947,PAUL JOHNSON,17,Peoria,Arizona,USA,85573,33.20762145,-111.0678249,Male,Organic
947,948,WILLIAM CHAPMAN,23,Prescott,Arizona,USA,85761,32.93221189,-112.2272671,Male,Search
948,949,TRACY RINKER,23,Eagar,Arizona,USA,86281,32.99612981,-112.9455632,Male,Facebook
949,950,STEVEN JONES,28,Marana,Arizona,USA,85673,33.7739439,-111.8568588,Female,Organic
950,951,MICHAEL ROBINSON,29,Tempe,Arizona,USA,85499,33.78013613,-112.2517414,Female,Email
951,952,HERBERT GIBSON,55,Avondale,Arizona,USA,85459,33.05441762,-113.057769,Male,Organic
952,953,BARRY ADKINS,21,San Luis,Arizona,USA,85980,33.72945579,-112.3525681,Male,Search
953,954,MARY PEARSON,25,Scottsdale,Arizona,USA,85361,33.41546148,-112.6938406,Male,Facebook
954,955,ERVIN COLBY,73,Chandler,Arizona,USA,85255,31.99909232,-112.3744537,Male,Organic
955,956,DALLAS SALAMANCA,49,Phoenix,Arizona,USA,85360,32.53948632,-111.687334,Female,Facebook
956,957,EDWIN WILLIAMS,62,Tucson,Arizona,USA,85428,33.24008159,-110.6815836,Female,Search
957,958,KEITH COLLINS,31,Paradise Valley,Arizona,USA,86060,34.17355494,-111.5696892,Male,Organic
958,959,MATTHEW MANN,48,Sahuarita,Arizona,USA,86234,34.33277204,-113.3112181,Female,Search
959,960,SCOTT REYES,16,Tempe,Arizona,USA,85421,33.16072327,-112.4012983,Male,Organic
960,961,JOSEPH BALLARD,21,Yuma,Arizona,USA,85720,33.66384655,-112.2334153,Male,Organic
961,962,ROBERT SMITH,23,Surprise,Arizona,USA,85674,34.46664966,-111.9999772,Male,Email
962,963,EDISON CHRISTIAN,57,Surprise,Arizona,USA,85340,33.86288315,-111.57424,Male,Facebook
963,964,CARMELLA THOMPSON,44,Surprise,Arizona,USA,85517,34.67233537,-112.3136687,Male,Display
964,965,JESSE FERNANDEZ,59,El Mirage,Arizona,USA,85427,34.01445316,-112.4507693,Male,Email
965,966,BRUCE MCCARTHY,66,Goodyear,Arizona,USA,85568,32.98074059,-112.7609104,Male,Organic
966,967,NICHOLAS DYSON,39,San Luis,Arizona,USA,85859,33.51743881,-113.350648,Male,Organic
967,968,ROBERT GORMLEY,95,Camp Verde,Arizona,USA,86031,32.36194478,-112.5392451,Female,Organic
968,969,PATRICK DRESSLER,40,Eagar,Arizona,USA,85575,33.86474437,-112.8143554,Male,Email
969,970,CLAYTON FEHR,31,Lake Havasu City,Arizona,USA,85923,32.54478176,-111.2705723,Male,Search
970,971,ANTHONY HARMON,21,Scottsdale,Arizona,USA,85821,34.01312392,-112.1149704,Female,Search
971,972,SHAUN MCWILLIAMS,90,Maricopa,Arizona,USA,85747,32.21227785,-111.6145232,Male,Organic
972,973,GUY PALMER,22,Paradise Valley,Arizona,USA,86280,33.2612085,-110.952376,Male,Search
973,974,MARY PEARSON,20,Gilbert,Arizona,USA,85615,32.23497127,-112.7668606,Male,Organic
974,975,LESTER GONSALVES,21,Glendale,Arizona,USA,85868,33.63166212,-111.2068899,Male,Search
975,976,JAMES HOLLER,17,San Luis,Arizona,USA,86265,34.00144444,-111.5930433,Male,Organic
976,977,KENNETH CRIPE,43,Tempe,Arizona,USA,85343,34.39665284,-112.8069336,Female,Email
977,978,JEFFREY SCHROEDER,37,Show Low,Arizona,USA,85895,33.9150484,-112.1004868,Female,Search
978,979,BARRY ADKINS,21,Maricopa,Arizona,USA,85860,32.57367595,-110.785333,Male,Display
979,980,ELIZABETH NEWELL,35,Bullhead City,Arizona,USA,86165,32.82182643,-110.8684141,Male,Organic
980,981,CALVIN BROOKSHIRE,36,Gilbert,Arizona,USA,85146,33.84935408,-112.3334621,Female,Organic
981,982,MARK BISHOP,49,Fountain Hills,Arizona,USA,85698,34.4026281,-112.1540454,Male,Organic
982,983,NICHOLAS DYSON,18,Yuma,Arizona,USA,85609,33.013264,-112.1788148,Female,Organic
983,984,WILLIAM KAMM,36,Saint Johns,Arizona,USA,86201,32.63831825,-111.2582727,Male,Display
984,985,MANUEL STITES,18,Maricopa,Arizona,USA,85778,32.70241207,-111.6058952,Male,Search
985,986,BRUCE MCCARTHY,63,Wellton,Arizona,USA,85802,34.26838213,-112.5616019,Female,Search
986,987,ROBERT CANTU,36,Tucson,Arizona,USA,85474,33.56312457,-111.9335511,Male,Facebook
987,988,HENRY PRESTON,63,Gilbert,Arizona,USA,85498,33.41462556,-111.8377354,Female,Organic
988,989,VALENTINE HUDGINS,39,Chandler,Arizona,USA,85847,32.40236632,-109.9847255,Male,Organic
989,990,CHARLES DURANT,28,Queen Creek,Arizona,USA,85573,34.23442096,-113.1941094,Female,Facebook
990,991,TIMOTHY KEARSE,55,Glendale,Arizona,USA,85469,33.2890193,-110.3560659,Female,Facebook
991,992,JOSEPH LEWIS,23,Phoenix,Arizona,USA,85507,33.37038184,-111.0389409,Male,Search
992,993,MARK AVERY,63,Gila Bend,Arizona,USA,86413,32.05786032,-111.0986058,Male,Facebook
993,994,MARIA JACKSON,44,Glendale,Arizona,USA,85546,34.08761866,-111.8785678,Male,Organic
994,995,CARLOS KEY,14,Show Low,Arizona,USA,85865,34.02551895,-112.2956293,Female,Organic
995,996,BRIAN TULLER,42,Gilbert,Arizona,USA,86000,33.89696379,-112.4248949,Male,Search
996,997,WILLIAM VALDEZ,57,Tempe,Arizona,USA,85622,33.51448675,-112.1522699,Male,Facebook
997,998,JAMES COCHRAN,45,Tucson,Arizona,USA,85250,31.93684835,-110.7367049,Male,Organic
998,999,DENNIS YOUNG,34,Goodyear,Arizona,USA,86415,33.20774475,-111.9264024,Male,Organic
999,1000,PATRICK DRESSLER,29,Douglas,Arizona,USA,86362,33.8179107,-111.490511,Female,Email
